cusip,ticker,figi_name,exch_code,security_type,status,retrieved,override
000360206,AAON,AAON INC,US,Common Stock,ok,2026-08-12,
000899104,ADMA,ADMA BIOLOGICS INC,US,Common Stock,ok,2026-08-12,
00090Q103,ADT,ADT INC,US,Common Stock,ok,2026-08-12,
00091G104,ACVA,ACV AUCTIONS INC-A,US,Common Stock,ok,2026-08-12,
000957100,ABM,ABM INDUSTRIES INC,US,Common Stock,ok,2026-08-12,
001084102,AGCO,AGCO CORP,US,Common Stock,ok,2026-08-12,
00108J109,ACMR,ACM RESEARCH INC-CLASS A,US,Common Stock,ok,2026-08-17,
00130H105,AES,AES CORP,US,Common Stock,ok,2026-08-12,
00138L108,RERE,ATRENEW INC,US,ADR,ok,2026-08-12,
00165C302,AMC,AMC ENTERTAINMENT HLDS-CL A,US,Common Stock,ok,2026-08-12,
00182C103,BSFA,ANI PHARMACEUTICALS INC,GR,Common Stock,ok,2026-08-12,ANIP
00187Y100,APG,API GROUP CORP,US,Common Stock,ok,2026-08-12,
00206R102,T,AT&T INC,US,Common Stock,ok,2026-08-12,
00215W100,ASX,ASE TECHNOLOGY HOLDING -ADR,US,ADR,ok,2026-08-17,
002824100,ABT,ABBOTT LABORATORIES,US,Common Stock,ok,2026-08-12,
002896207,ANF,ABERCROMBIE & FITCH CO-CL A,US,Common Stock,ok,2026-08-12,
00370M103,ABVX,ABIVAX SA-ADR,US,ADR,ok,2026-08-17,
00402L107,ASO,ACADEMY SPORTS & OUTDOORS IN,US,Common Stock,ok,2026-08-12,
00404A109,ACHC,ACADIA HEALTHCARE CO INC,US,Common Stock,ok,2026-08-12,
005098108,GOLF,ACUSHNET HOLDINGS CORP,US,Common Stock,ok,2026-08-12,
00510N102,T0V,TIC SOLUTIONS INC,GR,Common Stock,ok,2026-08-12,TIC
00534A102,IVVD,INVIVYD INC,US,Common Stock,ok,2026-08-12,
00650F109,ADPT,ADAPTIVE BIOTECHNOLOGIES,US,Common Stock,ok,2026-08-12,
00653Q102,AHCO,ADAPTHEALTH CORP,US,Common Stock,ok,2026-08-12,
00724F101,ADBE,ADOBE INC,US,Common Stock,ok,2026-08-12,
00751Y106,AWN,ADVANCE AUTO PARTS INC,GR,Common Stock,ok,2026-08-12,AAP
00766T100,ACM,AECOM,US,Common Stock,ok,2026-08-12,
007903107,AMD,ADVANCED MICRO DEVICES,US,Common Stock,ok,2026-08-12,
007973100,AEIS,ADVANCED ENERGY INDUSTRIES,US,Common Stock,ok,2026-08-17,
008073108,JPX,AEROVIRONMENT INC,GR,Common Stock,ok,2026-08-12,AVAV
00827B106,AFRM,AFFIRM HOLDINGS INC,US,Common Stock,ok,2026-08-12,
00851L103,API,AGORA INC-ADR,US,ADR,ok,2026-08-12,
009066101,ABNB,AIRBNB INC-CLASS A,US,Common Stock,ok,2026-08-12,
009158106,APD,AIR PRODUCTS & CHEMICALS INC,US,Common Stock,ok,2026-08-12,
00971T101,AKAM,AKAMAI TECHNOLOGIES INC,US,Common Stock,ok,2026-08-12,
011532108,AGI,ALAMOS GOLD INC-CLASS A,CN,Common Stock,ok,2026-08-12,
011659109,ALK,ALASKA AIR GROUP INC,US,Common Stock,ok,2026-08-12,
013091103,ACI,ALBERTSONS COS INC - CLASS A,US,Common Stock,ok,2026-08-12,
01609W102,BABA,ALIBABA GROUP HOLDING-SP ADR,US,ADR,ok,2026-08-12,
016255101,AFW,ALIGN TECHNOLOGY INC,GR,Common Stock,ok,2026-08-12,ALGN
01626W101,ALITEUR,ALIGHT INC - CLASS A,X2,Common Stock,ok,2026-08-12,
01741R102,ATD,ATI INC,GR,Common Stock,ok,2026-08-12,ATI
01749D105,ALGM,ALLEGRO MICROSYSTEMS INC,US,Common Stock,ok,2026-08-12,
020002101,ALS,ALLSTATE CORP,GR,Common Stock,ok,2026-08-12,ALL
02005N100,ALLY,ALLY FINANCIAL INC,US,Common Stock,ok,2026-08-12,
02079K107,GOOG,ALPHABET INC-CL C,US,Common Stock,ok,2026-08-12,
02079K305,GOOGL,ALPHABET INC-CL A,US,Common Stock,ok,2026-08-12,
02079K404,GOOGL 6.25 05/15/29 A,ALPHABET INC,NASDAQ/NGS,PUBLIC,ok,2026-08-17,
02079K602,GOOGL 6.25 05/15/29 B,ALPHABET INC,NASDAQ/NGS,PUBLIC,ok,2026-08-17,
02155H200,ALT,ALTIMMUNE INC,US,Common Stock,ok,2026-08-17,
02156V109,OKLO,OKLO INC,US,Common Stock,ok,2026-08-12,
02209S103,MO,ALTRIA GROUP INC,US,Common Stock,ok,2026-08-12,
023135106,AMZN,AMAZON.COM INC,PE,Common Stock,ok,2026-08-12,
023193105,AMBQ,AMBIQ MICRO INC,US,Common Stock,ok,2026-08-12,
023586100,UHAL,U-HAUL HOLDING CO,US,Common Stock,ok,2026-08-12,
02376R102,AAL,AMERICAN AIRLINES GROUP INC,US,Common Stock,ok,2026-08-12,
023939101,AMTM,AMENTUM HOLDINGS INC,US,Common Stock,ok,2026-08-12,
024061103,DCH,DAUCH CORPORATION,US,Common Stock,ok,2026-08-12,
025537101,AEP,AMERICAN ELECTRIC POWER,US,Common Stock,ok,2026-08-12,
02553E106,AEO,AMERICAN EAGLE OUTFITTERS,US,Common Stock,ok,2026-08-12,
025816109,AXP,AMERICAN EXPRESS CO,US,Common Stock,ok,2026-08-12,
026874784,AIG,AMERICAN INTERNATIONAL GROUP,US,Common Stock,ok,2026-08-12,
030111207,AMSC,AMERICAN SUPERCONDUCTOR CORP,US,Common Stock,ok,2026-08-12,
03027X100,AMT,AMERICAN TOWER CORP,US,REIT,ok,2026-08-12,
03073E105,ABG,CENCORA INC,GR,Common Stock,ok,2026-08-12,
03076C106,A4S,AMERIPRISE FINANCIAL INC,GR,Common Stock,ok,2026-08-12,AMP
031100100,AME,AMETEK INC,US,Common Stock,ok,2026-08-12,
031652100,AMKR,AMKOR TECHNOLOGY INC,US,Common Stock,ok,2026-08-12,
032095101,APH,AMPHENOL CORP-CL A,US,Common Stock,ok,2026-08-12,
032654105,ADI,ANALOG DEVICES INC,US,Common Stock,ok,2026-08-12,
03524A108,BUD,ANHEUSER-BUSCH INBEV-SPN ADR,US,ADR,ok,2026-08-12,
03662Q105,AKX,ANSYS INC,GR,Common Stock,ok,2026-08-12,
03674X106,AR,ANTERO RESOURCES CORP,US,Common Stock,ok,2026-08-12,
036752103,ELV,ELEVANCE HEALTH INC,US,Common Stock,ok,2026-08-12,
03769M106,APO,APOLLO GLOBAL MANAGEMENT INC,US,Common Stock,ok,2026-08-12,
03769M304,APO 6.75 07/31/26,APOLLO GLOBAL MANAGEMENT,Texas Stock Exch,PUBLIC,ok,2026-08-12,
037833100,AAPL,APPLE INC,US,Common Stock,ok,2026-08-12,
038169207,APLD,APPLIED DIGITAL CORP,US,Common Stock,ok,2026-08-12,
038222105,AMAT,APPLIED MATERIALS INC,US,Common Stock,ok,2026-08-12,
03823U102,AAOI,APPLIED OPTOELECTRONICS INC,US,Common Stock,ok,2026-08-12,
03831W108,APP,APPLOVIN CORP-CLASS A,US,Common Stock,ok,2026-08-12,
03852U106,ARMK,ARAMARK,US,Common Stock,ok,2026-08-12,
038923108,ABR,ARBOR REALTY TRUST INC,US,REIT,ok,2026-08-12,
03937C105,ARCB,ARCBEST CORP,US,Common Stock,ok,2026-08-12,
03940R107,ARCH1USD,ARCH RESOURCES INC,X9,Common Stock,ok,2026-08-12,
03980N107,ARDT,ARDENT HEALTH INC,US,Common Stock,ok,2026-08-12,
03990B101,ARES,ARES MANAGEMENT CORP - A,US,Common Stock,ok,2026-08-12,
04010E109,AGX,ARGAN INC,US,Common Stock,ok,2026-08-12,
04035M102,ARHS,ARHAUS INC,US,Common Stock,ok,2026-08-12,
040413106,ANETEUR,ARISTA NETWORKS INC,X1,Common Stock,ok,2026-08-12,
040413205,ANET,ARISTA NETWORKS INC,US,Common Stock,ok,2026-08-12,
042068205,ARM,ARM HOLDINGS PLC-ADR,US,ADR,ok,2026-08-12,
04272N102,AVBP,ARRIVENT BIOPHARMA INC,US,Common Stock,ok,2026-08-12,
042735100,ARW,ARROW ELECTRONICS INC,US,Common Stock,ok,2026-08-17,
04317A107,ARTV,ARTIVA BIOTHERAPEUTICS INC,US,Common Stock,ok,2026-08-17,
044186104,ASH,ASHLAND INC,US,Common Stock,ok,2026-08-12,
046224101,ASTE,ASTEC INDUSTRIES INC,US,Common Stock,ok,2026-08-12,
04626A103,ALAB,ASTERA LABS INC,US,Common Stock,ok,2026-08-12,
04681Y103,ASIC,ATEGRITY SPECIALTY HOLDINGS,US,Common Stock,ok,2026-08-12,
047649108,ATKR,ATKORE INC,US,Common Stock,ok,2026-08-12,
047726302,BATRK,ATLANTA BRAVES HOLDINGS IN-C,US,Common Stock,ok,2026-08-12,
049468101,TEAM1EUR,ATLASSIAN CORP-CL A,EO,Common Stock,ok,2026-08-12,TEAM
051774107,AUR,AURORA INNOVATION INC,US,Common Stock,ok,2026-08-12,
051774115,AUROW,AURORA INNOVATION INC  -CW28,US,Equity WRT,ok,2026-08-12,
052769106,ADSK,AUTODESK INC,US,Common Stock,ok,2026-08-12,
053015103,ADP,AUTOMATIC DATA PROCESSING,GR,Common Stock,ok,2026-08-12,
05329W102,AN,AUTONATION INC,US,Common Stock,ok,2026-08-12,
053332102,AZO,AUTOZONE INC,US,Common Stock,ok,2026-08-12,
053484101,WV8,AVALONBAY COMMUNITIES INC,GR,REIT,ok,2026-08-17,AVB
05352A100,AVTR,AVANTOR INC,US,Common Stock,ok,2026-08-12,
05368V106,AVNT,AVIENT CORP,US,Common Stock,ok,2026-08-12,
05368X102,AVDX,AVIDXCHANGE HOLDINGS INC,VL,Common Stock,ok,2026-08-12,
053807103,AVT,AVNET INC,US,Common Stock,ok,2026-08-17,
054540208,ACLS,AXCELIS TECHNOLOGIES INC,US,Common Stock,ok,2026-08-17,
05464C101,AXON,AXON ENTERPRISE INC,US,Common Stock,ok,2026-08-12,
05465C100,BB4,AXOS FINANCIAL INC,GR,Common Stock,ok,2026-08-12,AX
05501U601,AZUL,AZUL SA-SPON ADR,US,ADR,ok,2026-08-17,
05534B760,BCE,BCE INC,US,Common Stock,ok,2026-08-17,
05550J101,BJ,BJ'S WHOLESALE CLUB HOLDINGS,US,Common Stock,ok,2026-08-12,
05603J108,BKV,BKV CORPORATION,US,Common Stock,ok,2026-08-12,
05614L209,BW,BABCOCK & WILCOX ENTERPR,US,Common Stock,ok,2026-08-12,
056525108,BMI,BADGER METER INC,US,Common Stock,ok,2026-08-12,
056752108,BIDUN,BAIDU INC - SPON ADR,MM,ADR,ok,2026-08-12,BIDU
058498106,BALL,BALL CORP,US,Common Stock,ok,2026-08-12,
05875B106,TRWHUSD,BALLY'S CORP,X9,Common Stock,ok,2026-08-12,
060505104,BAC,BANK OF AMERICA CORP,US,Common Stock,ok,2026-08-12,
064149107,BNS,BANK OF NOVA SCOTIA,CN,Common Stock,ok,2026-08-12,
06417N103,OZK,BANK OZK,US,Common Stock,ok,2026-08-12,
06690B107,PNSTQ,PINSTRIPES HOLDINGS INC,US,Common Stock,ok,2026-08-12,
06759L103,TRY,BARINGS BDC INC,GR,Common Stock,ok,2026-08-12,BBDC
06849F108,B,BARRICK MINING CORP,US,Common Stock,ok,2026-08-12,
070830104,BBWI,BATH & BODY WORKS INC,US,Common Stock,ok,2026-08-12,
071705107,BLCO,BAUSCH + LOMB CORP,CN,Common Stock,ok,2026-08-12,
071734107,BHC,BAUSCH HEALTH COS INC,CN,Common Stock,ok,2026-08-12,
07782B104,BLTE,BELITE BIO INC - ADR,US,ADR,ok,2026-08-17,
07831C103,BRBR,BELLRING BRANDS INC,US,Common Stock,ok,2026-08-12,
08160H101,BHE,BENCHMARK ELECTRONICS INC,US,Common Stock,ok,2026-08-12,
084423102,WRB,WR BERKLEY CORP,US,Common Stock,ok,2026-08-12,
084670108,BRK/A,BERKSHIRE HATHAWAY INC-CL A,US,Common Stock,ok,2026-08-12,
084670702,BRK/B,BERKSHIRE HATHAWAY INC-CL B,US,Common Stock,ok,2026-08-12,
086516101,BBY,BEST BUY CO INC,US,Common Stock,ok,2026-08-12,
08862E109,BYND,BEYOND MEAT INC,US,Common Stock,ok,2026-08-12,
088929104,BGC,BGC GROUP INC-A,US,Common Stock,ok,2026-08-12,
09061G101,BMRN,BIOMARIN PHARMACEUTICAL INC,US,Common Stock,ok,2026-08-12,
09073M104,TECH,BIO-TECHNE CORP,US,Common Stock,ok,2026-08-12,
09075V102,BNTX,BIONTECH SE-ADR,US,ADR,ok,2026-08-12,
09173B107,1B2,BITFARMS LTD/CANADA,GR,Common Stock,ok,2026-08-12,
09180C106,BJRI,BJ'S RESTAURANTS INC,US,Common Stock,ok,2026-08-12,
091947101,BTGO,BITGO HOLDINGS INC-CL A,US,Common Stock,ok,2026-08-12,
09260D107,BX,BLACKSTONE INC,US,Common Stock,ok,2026-08-12,
092667104,SRTA,STRATA CRITICAL MEDICAL INC,US,Common Stock,ok,2026-08-12,
09290C756,PMMF,ISHRS PRIME MMKT ETF,US,ETP,ok,2026-08-12,
09290D101,BLK,BLACKROCK INC,US,Common Stock,ok,2026-08-12,
093671105,HRB,H&R BLOCK INC,US,Common Stock,ok,2026-08-12,
093712107,BE,BLOOM ENERGY CORP- A,US,Common Stock,ok,2026-08-12,
093712AH0,BE 2.5 08/15/25,BLOOM ENERGY CORP,TRACE,US DOMESTIC,ok,2026-08-12,
094235108,BLMN,BLOOMIN' BRANDS INC,US,Common Stock,ok,2026-08-12,
09624H208,BXC,BLUELINX HOLDINGS INC,US,Common Stock,ok,2026-08-12,
097023105,BA,BOEING CO/THE,US,Common Stock,ok,2026-08-12,
09857L108,BKNG,BOOKING HOLDINGS INC,US,Common Stock,ok,2026-08-12,
099406100,BOOT,BOOT BARN HOLDINGS INC,US,Common Stock,ok,2026-08-12,
099502106,BAH,BOOZ ALLEN HAMILTON HOLDINGS,US,Common Stock,ok,2026-08-17,
100557107,SAM,BOSTON BEER COMPANY INC-A,US,Common Stock,ok,2026-08-12,
101137107,BSX,BOSTON SCIENTIFIC CORP,US,Common Stock,ok,2026-08-12,
10806X102,BBIO,BRIDGEBIO PHARMA INC,US,Common Stock,ok,2026-08-12,
109194100,BFAM,BRIGHT HORIZONS FAMILY SOLUT,US,Common Stock,ok,2026-08-12,
10922N103,BHF,BRIGHTHOUSE FINANCIAL INC,US,Common Stock,ok,2026-08-12,
10948W103,AAMI,ACADIAN ASSET MANAGEMENT INC,US,Common Stock,ok,2026-08-12,
10950A106,BTSG,BRIGHTSPRING HEALTH SERVICES,US,Common Stock,ok,2026-08-17,
109641100,EAT,BRINKER INTERNATIONAL INC,US,Common Stock,ok,2026-08-12,
110448107,BMTA,BRITISH AMERICAN TOB-SP ADR,GR,ADR,ok,2026-08-12,BTI
11135F101,AVGO,BROADCOM INC,US,Common Stock,ok,2026-08-12,
112463104,B7S,BROOKDALE SENIOR LIVING INC,GR,Common Stock,ok,2026-08-12,BKD
11271J107,BN,BROOKFIELD CORP,CN,Common Stock,ok,2026-08-12,
115236101,BRO,BROWN & BROWN INC,US,Common Stock,ok,2026-08-12,
115637100,BF/A,BROWN-FORMAN CORP-CLASS A,US,Common Stock,ok,2026-08-12,
115637209,BF/B,BROWN-FORMAN CORP-CLASS B,US,Common Stock,ok,2026-08-12,
116794108,BRKR,BRUKER CORP,US,Common Stock,ok,2026-08-17,
117043109,BC,BRUNSWICK CORP,US,Common Stock,ok,2026-08-12,
118440106,BKE,BUCKLE INC/THE,US,Common Stock,ok,2026-08-12,
120076104,BBW,BUILD-A-BEAR WORKSHOP INC,US,Common Stock,ok,2026-08-12,
12008R107,BLDR,BUILDERS FIRSTSOURCE INC,US,Common Stock,ok,2026-08-12,
12047B105,BMBL,BUMBLE INC-A,US,Common Stock,ok,2026-08-12,
12448X201,BYRN,BYRNA TECHNOLOGIES INC,US,Common Stock,ok,2026-08-12,
12503M108,CBOE,CBOE GLOBAL MARKETS INC,US,Common Stock,ok,2026-08-12,
12504L109,CBRE,CBRE GROUP INC - A,US,Common Stock,ok,2026-08-12,
125269100,CF,CF INDUSTRIES HOLDINGS INC,US,Common Stock,ok,2026-08-12,
12541W209,CHRW,C.H. ROBINSON WORLDWIDE INC,US,Common Stock,ok,2026-08-12,
125523100,CI,THE CIGNA GROUP,US,Common Stock,ok,2026-08-12,
12572Q105,CME,CME GROUP INC,US,Common Stock,ok,2026-08-12,
126408103,CSX,CSX CORP,US,Common Stock,ok,2026-08-12,
12662P108,FL9,CVR ENERGY INC,GR,Common Stock,ok,2026-08-12,CVI
126633205,UAN,CVR PARTNERS LP,US,MLP,ok,2026-08-12,
126650100,CVS,CVS HEALTH CORP,US,Common Stock,ok,2026-08-12,
12685J105,CABO,CABLE ONE INC,US,Common Stock,ok,2026-08-12,
127387108,CDNS,CADENCE DESIGN SYS INC,US,Common Stock,ok,2026-08-12,
12769G100,CZR,CAESARS ENTERTAINMENT INC,US,Common Stock,ok,2026-08-12,
129500104,CAL,CALERES INC,US,Common Stock,ok,2026-08-12,
13057Q305,CRC,CALIFORNIA RESOURCES CORP,US,Common Stock,ok,2026-08-12,
131193104,CALY,CALLAWAY GOLF COMPANY,US,Common Stock,ok,2026-08-12,
133131102,CPT,CAMDEN PROPERTY TRUST,US,REIT,ok,2026-08-12,
134429109,CPB,THE CAMPBELL'S COMPANY,US,Common Stock,ok,2026-08-12,
13462K109,CWH,CAMPING WORLD HOLDINGS INC-A,US,Common Stock,ok,2026-08-12,
136375102,CNR,CANADIAN NATL RAILWAY CO,CN,Common Stock,ok,2026-08-12,
136385101,CRC,CANADIAN NATURAL RESOURCES,GR,Common Stock,ok,2026-08-12,
13646K108,CP,CANADIAN PACIFIC KANSAS CITY,US,Common Stock,ok,2026-08-12,
14040H105,COF,CAPITAL ONE FINANCIAL CORP,US,Common Stock,ok,2026-08-12,
14171W202,,,,,no match,2026-08-12,
141788109,CARG,CARGURUS INC,US,Common Stock,ok,2026-08-12,
142038108,CRBU,CARIBOU BIOSCIENCES INC,US,Common Stock,ok,2026-08-12,
142152107,CAI,CARIS LIFE SCIENCES INC,US,Common Stock,ok,2026-08-12,
143130102,KMX,CARMAX INC,US,Common Stock,ok,2026-08-12,
143658300,CCL1EUR,CARNIVAL CORP LTD,EO,Common Stock,ok,2026-08-12,CCL
144285103,CRS,CARPENTER TECHNOLOGY,US,Common Stock,ok,2026-08-12,
146229109,CRI,CARTER'S INC,US,Common Stock,ok,2026-08-12,
146869102,CVNA,CARVANA CO,US,Common Stock,ok,2026-08-12,
147528103,CASY,CASEY'S GENERAL STORES INC,US,Common Stock,ok,2026-08-12,
14888U101,,,,,no match,2026-08-12,
148929102,CAVA,CAVA GROUP INC,US,Common Stock,ok,2026-08-12,
15101Q207,CLS,CELESTICA INC,US,Common Stock,ok,2026-08-12,
15118V207,CELH,CELSIUS HOLDINGS INC,US,Common Stock,ok,2026-08-12,
15135B101,CNC,CENTENE CORP,US,Common Stock,ok,2026-08-12,
15135U109,CVE,CENOVUS ENERGY INC,CN,Common Stock,ok,2026-08-12,
152309100,CNTA,CENTESSA PHARMACEUTICALS-ADR,VT,ADR,ok,2026-08-12,
155923105,CTRI,CENTURI HOLDINGS INC,US,Common Stock,ok,2026-08-12,
15675D103,CBRS,CEREBRAS SYSTEMS INC - A,US,Common Stock,ok,2026-08-17,
15743P104,CHA,CHAGEE HOLDINGS LTD-ADR,US,ADR,ok,2026-08-12,
15961R105,,,,,no match,2026-08-12,
15961R303,CHPT,CHARGEPOINT HOLDINGS INC,US,Common Stock,ok,2026-08-12,
159864107,CRL,CHARLES RIVER LABORATORIES,US,Common Stock,ok,2026-08-12,
16115Q308,,,,,no match,2026-08-12,
16119P108,CHTR,CHARTER COMMUNICATIONS INC-A,US,Common Stock,ok,2026-08-12,
163072101,CAKE,CHEESECAKE FACTORY INC/THE,US,Common Stock,ok,2026-08-12,
163092109,CHGG,CHEGG INC,US,Common Stock,ok,2026-08-12,
16411R208,LNG,CHENIERE ENERGY INC,US,Common Stock,ok,2026-08-12,
165167172,EXEEZ,CHESAPEAKE ENERGY -CW26,US,Equity WRT,ok,2026-08-12,
165167180,EXEEL,CHESAPEAKE ENERGY CORP -CW26,US,Equity WRT,ok,2026-08-12,
165167735,EXE,EXPAND ENERGY CORP,US,Common Stock,ok,2026-08-12,
166764100,CHV,CHEVRON CORP,GR,Common Stock,ok,2026-08-12,CVX
16679L109,CHWY,CHEWY INC - CLASS A,US,Common Stock,ok,2026-08-12,
16935C109,CHYM,CHIME FINANCIAL INC-CL A,US,Common Stock,ok,2026-08-12,
169656105,CMG,CHIPOTLE MEXICAN GRILL INC,US,Common Stock,ok,2026-08-12,
169905106,CHH,CHOICE HOTELS INTL INC,US,Common Stock,ok,2026-08-12,
171340102,CHD,CHURCH & DWIGHT CO INC,US,Common Stock,ok,2026-08-12,
171757206,CDTX,CIDARA THERAPEUTICS INC,UD,Common Stock,ok,2026-08-12,
171779309,CIEN,CIENA CORP,US,Common Stock,ok,2026-08-12,
17243V102,CNK,CINEMARK HOLDINGS INC,US,Common Stock,ok,2026-08-12,
17253J106,CIFR,CIPHER DIGITAL INC,US,Common Stock,ok,2026-08-12,
17253JAA4,CIFR 1.75 05/15/30,CIPHER DIGITAL INC,TRACE,US DOMESTIC,ok,2026-08-12,
172573107,CRCL,CIRCLE INTERNET GROUP INC,US,Common Stock,ok,2026-08-12,
17275R102,CSCO,CISCO SYSTEMS INC,US,Common Stock,ok,2026-08-12,
172967424,TRVC,CITIGROUP INC,GR,Common Stock,ok,2026-08-12,C
174610105,CFG,CITIZENS FINANCIAL GROUP,US,Common Stock,ok,2026-08-12,
17888H103,CIVI,CIVITAS RESOURCES INC,US,Common Stock,ok,2026-08-12,
184496107,CLH,CLEAN HARBORS INC,US,Common Stock,ok,2026-08-12,
18452B209,CLSK,CLEANSPARK INC,US,Common Stock,ok,2026-08-12,
18453H106,CCO,CLEAR CHANNEL OUTDOOR HOLDIN,US,Common Stock,ok,2026-08-12,
18467V109,YOU,CLEAR SECURE INC -CLASS A,US,Common Stock,ok,2026-08-12,
185899101,CLF,CLEVELAND-CLIFFS INC,US,Common Stock,ok,2026-08-12,
189054109,CLX,CLOROX COMPANY,US,Common Stock,ok,2026-08-12,
191216100,KO,COCA-COLA CO/THE,US,Common Stock,ok,2026-08-12,
192422103,CGNX,COGNEX CORP,US,Common Stock,ok,2026-08-12,
19247G107,COHR,COHERENT CORP,US,Common Stock,ok,2026-08-12,
194162103,CL,COLGATE-PALMOLIVE CO,US,Common Stock,ok,2026-08-12,
19459J104,COLL,COLLEGIUM PHARMACEUTICAL INC,US,Common Stock,ok,2026-08-12,
198516106,COLM,COLUMBIA SPORTSWEAR CO,US,Common Stock,ok,2026-08-12,
199333105,CMCO,COLUMBUS MCKINNON CORP/NY,US,Common Stock,ok,2026-08-12,
199908104,FIX,COMFORT SYSTEMS USA INC,US,Common Stock,ok,2026-08-12,
20030N101,CMCSA,COMCAST CORP-CLASS A,US,Common Stock,ok,2026-08-12,
200340107,CMA,COMERICA INC,US,Common Stock,ok,2026-08-12,
20337X109,VISN,VISTANCE NETWORKS INC,US,Common Stock,ok,2026-08-12,
203668108,CYH,COMMUNITY HEALTH SYSTEMS INC,US,Common Stock,ok,2026-08-12,
204166102,CVLT,COMMVAULT SYSTEMS INC,US,Common Stock,ok,2026-08-12,
20459V105,GPGI,GPGI INC,US,Common Stock,ok,2026-08-17,
20464U100,COMP,COMPASS INC - CLASS A,US,Common Stock,ok,2026-08-12,
205887102,CAG,CONAGRA BRANDS INC,US,Common Stock,ok,2026-08-12,
20603L102,CON,CONCENTRA GROUP HOLDINGS PAR,US,Common Stock,ok,2026-08-12,
20717M103,8QR,CONFLUENT INC-CLASS A,GR,Common Stock,ok,2026-08-12,
20854L108,CEIXEUR,CONSOL ENERGY INC,X1,Common Stock,ok,2026-08-12,
21036P108,CB1A,CONSTELLATION BRANDS INC-A,GR,Common Stock,ok,2026-08-12,STZ
21037T109,CEG,CONSTELLATION ENERGY,US,Common Stock,ok,2026-08-12,
216648501,COO,COOPER COS INC/THE,US,Common Stock,ok,2026-08-12,
217204106,CPRT,COPART INC,US,Common Stock,ok,2026-08-12,
21871N101,CXW,CORECIVIC INC,US,Common Stock,ok,2026-08-12,
21871X109,CRBG,COREBRIDGE FINANCIAL INC,US,Common Stock,ok,2026-08-17,
21873S108,CRWV,COREWEAVE INC-CL A,US,Common Stock,ok,2026-08-12,
21874A106,CORZ,CORE SCIENTIFIC INC,US,Common Stock,ok,2026-08-12,
218937100,CNR,CORE NATURAL RESOURCES INC,US,Common Stock,ok,2026-08-12,
219350105,GLW,CORNING INC,US,Common Stock,ok,2026-08-12,
219798105,QDEL,QUIDELORTHO CORP,US,Common Stock,ok,2026-08-12,
219948106,CPAY,CORPAY INC,US,Common Stock,ok,2026-08-12,
22160K105,COST,COSTCO WHOLESALE CORP,US,Common Stock,ok,2026-08-12,
22160N109,CSGP,COSTAR GROUP INC,US,Common Stock,ok,2026-08-12,
222070203,COTY,COTY INC-CL A,US,Common Stock,ok,2026-08-12,
22266T109,CPNG,COUPANG INC,US,Common Stock,ok,2026-08-12,
22407B108,COYA,COYA THERAPEUTICS INC,US,Common Stock,ok,2026-08-12,
22410J106,CBRL,CRACKER BARREL OLD COUNTRY,US,Common Stock,ok,2026-08-12,
224441105,CXT,CRANE NXT CO,US,Common Stock,ok,2026-08-12,
225310101,CACC,CREDIT ACCEPTANCE CORP,US,Common Stock,ok,2026-08-12,
225655109,CCAP,CRESCENT CAPITAL BDC INC,US,Common Stock,ok,2026-08-12,
227046109,CROX,CROCS INC,US,Common Stock,ok,2026-08-12,
22788C105,CRWD,CROWDSTRIKE HOLDINGS INC - A,US,Common Stock,ok,2026-08-12,
228368106,CCK,CROWN HOLDINGS INC,US,Common Stock,ok,2026-08-12,
231269309,CRISEUR,CURIS INC,X1,Common Stock,ok,2026-08-12,
23331A109,DHI,DR HORTON INC,US,Common Stock,ok,2026-08-12,
23345M107,DTM,DT MIDSTREAM INC,US,Common Stock,ok,2026-08-12,
23355L106,DXC,DXC TECHNOLOGY CO,US,Common Stock,ok,2026-08-12,
235825205,4DH,DANA INC,GR,Common Stock,ok,2026-08-12,DAN
235851102,DHR,DANAHER CORP,US,Common Stock,ok,2026-08-12,
236272100,,,,,no match,2026-08-12,
237194105,DRI,DARDEN RESTAURANTS INC,US,Common Stock,ok,2026-08-12,
23804L103,DDOG,DATADOG INC - CLASS A,US,Common Stock,ok,2026-08-12,
238337109,PLAY,DAVE & BUSTER'S ENTERTAINMEN,US,Common Stock,ok,2026-08-12,
23834J201,DAVE,DAVE INC,US,Common Stock,ok,2026-08-12,
23918K108,TRL,DAVITA INC,GR,Common Stock,ok,2026-08-12,DVA
23954D109,DAWNGBX,DAY ONE BIOPHARMACEUTICALS I,EU,Common Stock,ok,2026-08-12,
243537107,DECK,DECKERS OUTDOOR CORP,US,Common Stock,ok,2026-08-12,
24703L202,DELL,DELL TECHNOLOGIES -C,US,Common Stock,ok,2026-08-12,
247361702,DAL,DELTA AIR LINES INC,US,Common Stock,ok,2026-08-12,
24869P104,DENN,DENNY'S CORP,UN,Common Stock,ok,2026-08-12,
250565108,DBI,DESIGNER BRANDS INC-CLASS A,US,Common Stock,ok,2026-08-12,
25179M103,DVN,DEVON ENERGY CORP,US,Common Stock,ok,2026-08-12,
252131107,DC4,DEXCOM INC,GR,Common Stock,ok,2026-08-12,DXCM
25243Q205,DGED,DIAGEO PLC-SPONSORED ADR,LN,ADR,ok,2026-08-12,DEO
25253X207,DMAC,DIAMEDICA THERAPEUTICS INC,US,Common Stock,ok,2026-08-12,
25278X109,FANG,DIAMONDBACK ENERGY INC,US,Common Stock,ok,2026-08-12,
253393102,DKS,DICK'S SPORTING GOODS INC,US,Common Stock,ok,2026-08-12,
253868103,FQI,DIGITAL REALTY TRUST INC,GR,REIT,ok,2026-08-12,DLR
254423106,IHP,DINE BRANDS GLOBAL INC,GR,Common Stock,ok,2026-08-12,DIN
25445D101,DDL,DINGDONG CAYMAN LTD -SPN ADR,US,ADR,ok,2026-08-12,
254543101,DIOD,DIODES INC,US,Common Stock,ok,2026-08-17,
254687106,DIS,WALT DISNEY CO/THE,US,Common Stock,ok,2026-08-12,
254709108,DFSEUR,DISCOVER FINANCIAL SERVICES,XS,Common Stock,ok,2026-08-12,
256163106,DOCU,DOCUSIGN INC,US,Common Stock,ok,2026-08-12,
256677105,DG,DOLLAR GENERAL CORP,US,Common Stock,ok,2026-08-12,
256746108,DLTR,DOLLAR TREE INC,US,Common Stock,ok,2026-08-12,
25754A201,DPZ,DOMINO'S PIZZA INC,US,Common Stock,ok,2026-08-12,
25809K105,DASH,DOORDASH INC - A,US,Common Stock,ok,2026-08-12,
25861R204,CAPE,DOUBLELINE SHILLER CAPE US,US,ETP,ok,2026-08-12,
26142V105,DKNG,DRAFTKINGS INC-CL A,US,Common Stock,ok,2026-08-12,
26154D100,DFH,DREAM FINDERS HOMES INC - A,US,Common Stock,ok,2026-08-12,
26210C104,DBX,DROPBOX INC-CLASS A,US,Common Stock,ok,2026-08-12,
26603R106,DUOL,DUOLINGO,US,Common Stock,ok,2026-08-12,
26622P107,DOCS,DOXIMITY INC-CLASS A,US,Common Stock,ok,2026-08-12,
26701L100,BROS,DUTCH BROS INC-CLASS A,US,Common Stock,ok,2026-08-12,
268150109,DT,DYNATRACE INC,US,Common Stock,ok,2026-08-12,
26856L103,ELF,ELF BEAUTY INC,US,Common Stock,ok,2026-08-12,
26875P101,EOG,EOG RESOURCES INC,US,Common Stock,ok,2026-08-12,
26884L109,EQT,EQT CORP,US,Common Stock,ok,2026-08-12,
27579R104,EWBC,EAST WEST BANCORP INC,US,Common Stock,ok,2026-08-12,
278642103,EBA,EBAY INC,GR,Common Stock,ok,2026-08-12,EBAY
278768106,ECHO,ECHOSTAR CORP-A,US,Common Stock,ok,2026-08-12,
28035Q102,EPC,EDGEWELL PERSONAL CARE CO,US,Common Stock,ok,2026-08-12,
28036F105,EWTX,EDGEWISE THERAPEUTICS INC,US,Common Stock,ok,2026-08-12,
28176E108,EW,EDWARDS LIFESCIENCES CORP,US,Common Stock,ok,2026-08-12,
28414H103,ELAN,ELANCO ANIMAL HEALTH INC,US,Common Stock,ok,2026-08-12,
284902509,ELD,ELDORADO GOLD CORP,CN,Common Stock,ok,2026-08-12,EGO
28618M106,PAHUSD,ELEMENT SOLUTIONS INC,XV,Common Stock,ok,2026-08-12,ESI
28852N109,EFC,ELLINGTON FINANCIAL INC,US,REIT,ok,2026-08-12,
29082A107,EMBJ,EMBRAER SA-SPON ADR,US,ADR,ok,2026-08-12,
291011104,EMR,EMERSON ELECTRIC CO,US,Common Stock,ok,2026-08-12,
29272W109,ENR,ENERGIZER HOLDINGS INC,US,Common Stock,ok,2026-08-12,
29273V100,ET,ENERGY TRANSFER LP,US,MLP,ok,2026-08-12,
29275Y102,ENS,ENERSYS,US,Common Stock,ok,2026-08-12,
29355A107,ENPH,ENPHASE ENERGY INC,US,Common Stock,ok,2026-08-12,
29362U104,ENQ,ENTEGRIS INC,GR,Common Stock,ok,2026-08-12,ENTG
293792107,EPD,ENTERPRISE PRODUCTS PARTNERS,US,MLP,ok,2026-08-12,
29414B104,EPAM,EPAM SYSTEMS INC,US,Common Stock,ok,2026-08-12,
294429105,EFX,EQUIFAX INC,US,Common Stock,ok,2026-08-12,
29444U700,EQIX,EQUINIX INC,US,REIT,ok,2026-08-12,
29445S100,EQPT,EQUIPMENTSHARE.COM INC-A,US,Common Stock,ok,2026-08-12,
29446Y502,EQX,EQUINOX GOLD CORP,CN,Common Stock,ok,2026-08-12,
29452E101,EQH,EQUITABLE HOLDINGS INC,US,Common Stock,ok,2026-08-12,
29530P102,ERIE,ERIE INDEMNITY COMPANY-CL A,US,Common Stock,ok,2026-08-12,
296006109,ERO,ERO COPPER CORP,CN,Common Stock,ok,2026-08-12,
296013105,EROC,EROCK INC-A,US,Common Stock,ok,2026-08-17,
297602104,ETD,ETHAN ALLEN INTERIORS INC,US,Common Stock,ok,2026-08-12,
29786A106,ETSY,ETSY INC,US,Common Stock,ok,2026-08-12,
29788T103,ETWOGBP,E2OPEN PARENT HOLDINGS INC,EU,Common Stock,ok,2026-08-12,
298736109,EEFT,EURONET WORLDWIDE INC,US,Common Stock,ok,2026-08-12,
29977A105,EVR,EVERCORE INC - A,US,Common Stock,ok,2026-08-12,
30050B101,EVH,EVOLENT HEALTH INC - A,US,Common Stock,ok,2026-08-12,
30052F100,EVGO,EVGO INC,US,Common Stock,ok,2026-08-12,
30212P303,EXPE,EXPEDIA GROUP INC,US,Common Stock,ok,2026-08-12,
302130109,EXPD,EXPEDITORS INTL WASH INC,US,Common Stock,ok,2026-08-12,
30214U102,EXPO,EXPONENT INC,US,Common Stock,ok,2026-08-12,
30225T102,EXR,EXTRA SPACE STORAGE INC,US,REIT,ok,2026-08-12,
30226D106,EXTR,EXTREME NETWORKS INC,US,Common Stock,ok,2026-08-12,
302492103,FLYW,FLYWIRE CORP-VOTING,US,Common Stock,ok,2026-08-12,
30303M102,META,META PLATFORMS INC-CLASS A,US,Common Stock,ok,2026-08-12,
303250104,FICO,FAIR ISAAC CORP,US,Common Stock,ok,2026-08-12,
31428X106,FDX,FEDEX CORP,US,Common Stock,ok,2026-08-12,
314352105,FDXF,FEDEX FREIGHT HOLDING CO,US,Common Stock,ok,2026-08-17,
31488V107,FERG,FERGUSON ENTERPRISES INC,US,Common Stock,ok,2026-08-12,
31556C106,FRVO,FERVO ENERGY CO-A,US,Common Stock,ok,2026-08-17,
315616102,FFIV,F5 INC,US,Common Stock,ok,2026-08-12,
316773100,FITB,FIFTH THIRD BANCORP,US,Common Stock,ok,2026-08-12,
316841105,FIG,FIGMA INC-CL A,US,Common Stock,ok,2026-08-12,
31738L107,,,,,no match,2026-08-12,
31738L206,FOA,FINANCE OF AMERICA COS INC-A,US,Common Stock,ok,2026-08-12,
31946M103,FCNCA,FIRST CITIZENS BCSHS  -CL A,US,Common Stock,ok,2026-08-12,
320517105,FT2,FIRST HORIZON CORP,GR,Common Stock,ok,2026-08-12,FHN
336433107,FSLR,FIRST SOLAR INC,US,Common Stock,ok,2026-08-12,
33733E807,FCG,FIRST TRUST NATURAL GAS ETF,US,ETP,ok,2026-08-12,
33748L101,FWRG,FIRST WATCH RESTAURANT GROUP,US,Common Stock,ok,2026-08-12,
337738108,FISV,FISERV INC,US,Common Stock,ok,2026-08-12,
33829M101,FIVE,FIVE BELOW,US,Common Stock,ok,2026-08-12,
338307101,FIVN,FIVE9 INC,US,Common Stock,ok,2026-08-12,
339750101,FND,FLOOR & DECOR HOLDINGS INC-A,US,Common Stock,ok,2026-08-12,
343412102,FLR,FLUOR CORP,US,Common Stock,ok,2026-08-12,
34354P105,FLS,FLOWSERVE CORP,US,Common Stock,ok,2026-08-12,
34385P108,FLB,STANDARD BIOTOOLS INC,GR,Common Stock,ok,2026-08-12,LAB
343928107,FLYX,FLYEXCLUSIVE INC,US,Common Stock,ok,2026-08-12,
343928115,FLYX/WS,EG ACQUISITION CORP-A -CW28,US,Equity WRT,ok,2026-08-12,
344849104,WOO,FOOT LOCKER INC,GR,Common Stock,ok,2026-08-12,
345370860,F,FORD MOTOR CO,US,Common Stock,ok,2026-08-12,
34631F102,FPS,FORGENT POWER SOLUTIONS-CL A,US,Common Stock,ok,2026-08-12,
346375108,FMF,FORMFACTOR INC,GR,Common Stock,ok,2026-08-17,FORM
349381103,FIGR,FIGURE TECHNOLOGY SOLUT-CL A,US,Common Stock,ok,2026-08-12,
34959E109,FTNT,FORTINET INC,US,Common Stock,ok,2026-08-12,
34959J108,FTV,FORTIVE CORP,US,Common Stock,ok,2026-08-12,
34964C106,FBIN,FORTUNE BRANDS INNOVATIONS I,US,Common Stock,ok,2026-08-12,
34965K107,FTRE,FORTREA HOLDINGS INC,US,Common Stock,ok,2026-08-12,
35104E100,FDMT,4D MOLECULAR THERAPEUTICS IN,US,Common Stock,ok,2026-08-12,
35168W103,GUTS,FRACTYL HEALTH INC,US,Common Stock,ok,2026-08-12,
35473P827,FLCA,FRANKLIN FTSE CANADA ETF,US,ETP,ok,2026-08-12,
35671D857,FCX,FREEPORT-MCMORAN INC,US,Common Stock,ok,2026-08-12,
358039105,FRPT,FRESHPET INC,US,Common Stock,ok,2026-08-12,
35834F104,TE,T1 ENERGY INC,US,Common Stock,ok,2026-08-12,
35905A109,FTDR,FRONTDOOR INC,US,Common Stock,ok,2026-08-12,
35909D109,FYBR,FRONTIER COMMUNICATIONS PARE,UB,Common Stock,ok,2026-08-12,
36118L106,FUTU,FUTU HOLDINGS LTD-ADR,US,ADR,ok,2026-08-12,
36162J106,GEG,GEO GROUP INC/THE,GR,Common Stock,ok,2026-08-12,
36168Q104,GFL,GFL ENVIRONMENTAL INC-SUB VT,CN,Common Stock,ok,2026-08-12,
36262G101,GXO,GXO LOGISTICS INC,US,Common Stock,ok,2026-08-12,
36266G107,GEHC,GE HEALTHCARE TECHNOLOGY,US,Common Stock,ok,2026-08-12,
36269B105,GANX,GAIN THERAPEUTICS INC,US,Common Stock,ok,2026-08-12,
36315X101,LKFT,LAKEFRONT BIOTHERAPEUTIC-ADR,US,ADR,ok,2026-08-12,
36317J209,GLXY,GALAXY DIGITAL INC-A,US,Common Stock,ok,2026-08-12,
36322Q206,,,,,no match,2026-08-12,
363576109,AJG,ARTHUR J GALLAGHER & CO,US,Common Stock,ok,2026-08-12,
36472T109,TDAY,USA TODAY CO INC,US,Common Stock,ok,2026-08-12,
364760108,GAP,GAP INC/THE,US,Common Stock,ok,2026-08-12,
366505105,GTX,GARRETT MOTION INC,US,Common Stock,ok,2026-08-12,
36828A101,GEV,GE VERNOVA INC,US,Common Stock,ok,2026-08-12,
36866J105,GEMI,GEMINI SPACE STATION INC-A,US,Common Stock,ok,2026-08-12,
368736104,GNRC,GENERAC HOLDINGS INC,US,Common Stock,ok,2026-08-12,
369604301,GE,GENERAL ELECTRIC,PE,Common Stock,ok,2026-08-12,
37045V100,GM,GENERAL MOTORS CO,US,Common Stock,ok,2026-08-12,
371532102,GCO,GENESCO INC,US,Common Stock,ok,2026-08-12,
372460105,GPC,GENUINE PARTS CO,US,Common Stock,ok,2026-08-12,
37611X100,DNA4EUR,GINKGO BIOWORKS HOLDINGS INC,EO,Common Stock,ok,2026-08-12,
37611X209,DNA,GINKGO BIOWORKS HOLDINGS INC,US,Common Stock,ok,2026-08-12,
37637K108,GTLB,GITLAB INC-CL A,US,Common Stock,ok,2026-08-12,
37940X102,GPN,GLOBAL PAYMENTS INC,US,Common Stock,ok,2026-08-12,
37950E259,ARGT,GLOBAL X MSCI ARGENTINA ETF,US,ETP,ok,2026-08-12,
379577208,GMED,GLOBUS MEDICAL INC - A,US,Common Stock,ok,2026-08-12,
37959E102,GL,GLOBE LIFE INC,US,Common Stock,ok,2026-08-12,
380237107,GDDY,GODADDY INC - CLASS A,US,Common Stock,ok,2026-08-12,
382550101,GT,GOODYEAR TIRE & RUBBER CO,US,Common Stock,ok,2026-08-12,
38268T103,GPRO,GOPRO INC-CLASS A,US,Common Stock,ok,2026-08-12,
384109104,GGG,GRACO INC,US,Common Stock,ok,2026-08-12,
388689101,GPK,GRAPHIC PACKAGING HOLDING CO,US,Common Stock,ok,2026-08-12,
389637109,GBTC,GRAYSCALE BITCOIN TRUST ETF,US,ETP,ok,2026-08-12,
392709101,GRBK,GREEN BRICK PARTNERS INC,US,Common Stock,ok,2026-08-12,
393222104,G3V,GREEN PLAINS INC,GR,Common Stock,ok,2026-08-12,GPRE
39854F101,GRND,GRINDR INC,US,Common Stock,ok,2026-08-12,
39874R101,GO,GROCERY OUTLET HOLDING CORP,US,Common Stock,ok,2026-08-12,
399473206,GRPN,GROUPON INC,US,Common Stock,ok,2026-08-12,
40412C101,HCA,HCA HEALTHCARE INC,US,Common Stock,ok,2026-08-12,
40415F101,HDB,HDFC BANK LTD-ADR,US,ADR,ok,2026-08-12,
40434L105,7HP,HP INC,GR,Common Stock,ok,2026-08-12,HPQ
410345102,HN9,HANESBRANDS INC,GF,Common Stock,ok,2026-08-12,
418056107,HAS,HASBRO INC,US,Common Stock,ok,2026-08-12,
418100103,HCP2EUR,HASHICORP INC-CL A,X9,Common Stock,ok,2026-08-12,
419870100,HE,HAWAIIAN ELECTRIC INDS,US,Common Stock,ok,2026-08-12,
420261109,HWKN,HAWKINS INC,US,Common Stock,ok,2026-08-17,
42226A107,HQY,HEALTHEQUITY INC,US,Common Stock,ok,2026-08-12,
422806208,HEI/A,HEICO CORP-CLASS A,US,Common Stock,ok,2026-08-12,
42330P107,CTV,HELIX ENERGY SOLUTIONS GROUP,GR,Common Stock,ok,2026-08-12,HLX
427866108,HSY,HERSHEY CO/THE,US,Common Stock,ok,2026-08-12,
42806J148,HTZWW,HERTZ GLOBAL HLDGS INC -CW51,US,Equity WRT,ok,2026-08-12,
42806J700,HTZ,HERTZ GLOBAL HLDGS INC,US,Common Stock,ok,2026-08-12,
42809H107,HES,HESS CORP,UA,Common Stock,ok,2026-08-12,
42824C109,HPE,HEWLETT PACKARD ENTERPRISE,US,Common Stock,ok,2026-08-12,
43300A203,HLT,HILTON WORLDWIDE HOLDINGS IN,US,Common Stock,ok,2026-08-12,
433313103,HNGE,HINGE HEALTH INC-A,US,Common Stock,ok,2026-08-12,
433921103,HIVE,HIVE DIGITAL TECHNOLOGIES LT,CN,Common Stock,ok,2026-08-12,
436893200,HOMB,HOME BANCSHARES INC,US,Common Stock,ok,2026-08-12,
437076102,HD,HOME DEPOT INC,US,Common Stock,ok,2026-08-12,
440452100,HRL,HORMEL FOODS CORP,US,Common Stock,ok,2026-08-12,
44267T102,HHH,HOWARD HUGHES HOLDINGS INC,US,Common Stock,ok,2026-08-12,
443201108,HWM,HOWMET AEROSPACE INC,US,Common Stock,ok,2026-08-12,
443573100,HUBS,HUBSPOT INC,US,Common Stock,ok,2026-08-12,
443628102,HBM,HUDBAY MINERALS INC,CN,Common Stock,ok,2026-08-12,
444859102,HUM,HUMANA INC,US,Common Stock,ok,2026-08-12,
446150104,HBAN,HUNTINGTON BANCSHARES INC,US,Common Stock,ok,2026-08-12,
446413106,HII,HUNTINGTON INGALLS INDUSTRIE,US,Common Stock,ok,2026-08-12,
447011107,HUN,HUNTSMAN CORP,US,Common Stock,ok,2026-08-12,
44812J104,HUT,HUT 8 CORP,CN,Common Stock,ok,2026-08-12,
448579102,H,HYATT HOTELS CORP - CL A,US,Common Stock,ok,2026-08-12,
44891N208,0J7Q,PEOPLE INC,LN,Common Stock,ok,2026-08-12,PPLI
44951W106,IESC,IES HOLDINGS INC,US,Common Stock,ok,2026-08-12,
451100101,IEP,ICAHN ENTERPRISES LP,US,MLP,ok,2026-08-12,
45167R104,IEX,IDEX CORP,US,Common Stock,ok,2026-08-12,
45168D104,IDXX,IDEXX LABORATORIES INC,US,Common Stock,ok,2026-08-12,
452327109,ILMN,ILLUMINA INC,US,Common Stock,ok,2026-08-12,
45245E109,IMA,IMAX CORP,GR,Common Stock,ok,2026-08-12,
45258J102,IMVT,IMMUNOVANT INC,US,Common Stock,ok,2026-08-12,
45676K103,INFQ,INFLEQTION INC,US,Common Stock,ok,2026-08-12,
456788108,INFY,INFOSYS LTD-SP ADR,US,ADR,ok,2026-08-12,
457030104,IMKTA,INGLES MARKETS INC-CLASS A,US,Common Stock,ok,2026-08-12,
45720N103,INBX,INHIBRX BIOSCIENCES INC,US,Common Stock,ok,2026-08-12,
457669307,IM8N,INSMED INC,GR,Common Stock,ok,2026-08-12,INSM
45780R101,IBP,INSTALLED BUILDING PRODUCTS,US,Common Stock,ok,2026-08-12,
457985208,IART,INTEGRA LIFESCIENCES HOLDING,US,Common Stock,ok,2026-08-12,
458140100,INTC,INTEL CORP,US,Common Stock,ok,2026-08-12,
45826H109,ITGR,INTEGER HOLDINGS CORP,US,Common Stock,ok,2026-08-12,
458334109,IPAR,INTERPARFUMS INC,US,Common Stock,ok,2026-08-12,
45841N107,IBKR,INTERACTIVE BROKERS GRO-CL A,US,Common Stock,ok,2026-08-12,
45866F104,ICE,INTERCONTINENTAL EXCHANGE IN,US,Common Stock,ok,2026-08-12,
45867G101,IDI,INTERDIGITAL INC,GR,Common Stock,ok,2026-08-17,IDCC
459506101,IFF,INTL FLAVORS & FRAGRANCES,US,Common Stock,ok,2026-08-12,
460146103,IP,INTERNATIONAL PAPER CO,US,Common Stock,ok,2026-08-12,
46090E103,NDQ,INVESCO QQQ TRUST SERIES 1,GR,ETP,ok,2026-08-12,
46090F100,PDBC,INVESCO OPTIMUM YIELD DIVERS,US,ETP,ok,2026-08-12,
46116X101,ITCIEUR,INTRA-CELLULAR THERAPIES INC,XS,Common Stock,ok,2026-08-12,
461202103,INTU,INTUIT INC,US,Common Stock,ok,2026-08-12,
46120E602,ISRG,INTUITIVE SURGICAL INC,US,Common Stock,ok,2026-08-12,
46137V100,PPA,INVESCO AEROSPACE & DEFENSE,US,ETP,ok,2026-08-12,
46137V357,RSP,INVESCO S&P 500 EQUAL WEIGHT,US,ETP,ok,2026-08-12,
46138G649,QQQM,INVESCO NASDAQ 100 ETF,US,ETP,ok,2026-08-12,
46266C105,IQV,IQVIA HOLDINGS INC,US,Common Stock,ok,2026-08-12,
464286392,URTH,ISHARES MSCI WORLD ETF,US,ETP,ok,2026-08-12,
464286509,EWC,ISHARES MSCI CANADA ETF,US,ETP,ok,2026-08-12,
464286665,EPP,ISHARES MSCI PACIFIC EX JAPA,US,ETP,ok,2026-08-12,
464286772,EWY,ISHARES MSCI SOUTH KOREA ETF,US,ETP,ok,2026-08-12,
464287184,FXI,ISHARES CHINA LARGE-CAP ETF,US,ETP,ok,2026-08-12,
464287465,EFA,ISHARES MSCI EAFE ETF,US,ETP,ok,2026-08-12,
464288752,ITB,ISHARES U.S. HOME CONSTRUCTI,US,ETP,ok,2026-08-12,
46428Q109,SLV,ISHARES SILVER TRUST,US,ETP,ok,2026-08-12,
46434G822,EWJ,ISHARES MSCI JAPAN ETF,US,ETP,ok,2026-08-12,
46434V738,IEUR,ISHARES CORE MSCI EUROPE ETF,US,ETP,ok,2026-08-12,
46438F101,IBIT,ISHARES BITCOIN TRUST ETF,US,ETP,ok,2026-08-12,
465562106,BVXB,ITAU UNIBANCO H-SPON PRF ADR,GR,ADR,ok,2026-08-12,ITUB
46591M109,JOYY,JOYY INC-ADR,US,ADR,ok,2026-08-12,
466032109,JJSF,J & J SNACK FOODS CORP,US,Common Stock,ok,2026-08-17,
46625H100,JPM,JPMORGAN CHASE & CO,US,Common Stock,ok,2026-08-12,
466313103,JBL,JABIL INC,US,Common Stock,ok,2026-08-12,
46982L108,J,JACOBS SOLUTIONS INC,US,Common Stock,ok,2026-08-12,
47103N106,JBI,JANUS INTERNATIONAL GROUP IN,US,Common Stock,ok,2026-08-12,
47215P106,JD,JD.COM INC-ADR,US,ADR,ok,2026-08-12,
47233W109,JEF,JEFFERIES FINANCIAL GROUP IN,US,Common Stock,ok,2026-08-12,
477143101,JBLU,JETBLUE AIRWAYS CORP,US,Common Stock,ok,2026-08-12,
478160104,JNJ,JOHNSON & JOHNSON,US,Common Stock,ok,2026-08-12,
48020Q107,JLL,JONES LANG LASALLE INC,US,Common Stock,ok,2026-08-12,
48123V102,JXC1,ZIFF DAVIS INC,GR,Common Stock,ok,2026-08-12,ZD
48203R104,JNP,JUNIPER NETWORKS INC,GF,Common Stock,ok,2026-08-12,
48242W106,K6B,KBR INC,GR,Common Stock,ok,2026-08-12,KBR
482480100,KLAC,KLA CORP,US,Common Stock,ok,2026-08-12,
482497104,BEKE,KE HOLDINGS INC-ADR,US,ADR,ok,2026-08-12,
48251W104,KKR,KKR & CO INC,US,Common Stock,ok,2026-08-12,
48553T106,BZ,KANZHUN LTD - ADR,US,ADR,ok,2026-08-12,
485859110,,,,,no match,2026-08-12,
48666K109,KBH,KB HOME,US,Common Stock,ok,2026-08-12,
48669G303,KZIA,KAZIA THERAPEUTICS-SPON ADR,US,ADR,ok,2026-08-17,
486917107,KEEL,KEEL INFRASTRUCTURE CORP,US,Common Stock,ok,2026-08-17,
487836108,KEL,KELLANOVA,GR,Common Stock,ok,2026-08-12,
49177J102,KVUE,KENVUE INC,US,Common Stock,ok,2026-08-12,
49271V100,KDP,KEURIG DR PEPPER INC,US,Common Stock,ok,2026-08-12,
493267108,KEY,KEYCORP,US,Common Stock,ok,2026-08-12,
49338L103,KEYS,KEYSIGHT TECHNOLOGIES IN,US,Common Stock,ok,2026-08-12,
49427F108,KRC,KILROY REALTY CORP,US,REIT,ok,2026-08-12,
494368103,KMB,KIMBERLY-CLARK CORP,US,Common Stock,ok,2026-08-12,
496902404,KGC,KINROSS GOLD CORP,US,Common Stock,ok,2026-08-12,
49714P108,KNSL,KINSALE CAPITAL GROUP INC,US,Common Stock,ok,2026-08-12,
49845K101,KVYO,KLAVIYO INC-A,US,Common Stock,ok,2026-08-12,
499049104,KNX,KNIGHT-SWIFT TRANSPORTATION,US,Common Stock,ok,2026-08-12,
50012A108,KGS,KODIAK GAS SERVICES INC,US,Common Stock,ok,2026-08-17,
50050N103,KTB,KONTOOR BRANDS INC,US,Common Stock,ok,2026-08-12,
500754106,KHC,KRAFT HEINZ CO/THE,US,Common Stock,ok,2026-08-12,
500767306,KWEB,KRANESH CSI CHINA INTERNET,US,ETP,ok,2026-08-12,
501044101,KR,KROGER CO,US,Common Stock,ok,2026-08-12,
501242101,KLIC,KULICKE & SOFFA INDUSTRIES,US,Common Stock,ok,2026-08-17,
501270102,KRUS,KURA SUSHI USA INC-CLASS A,US,Common Stock,ok,2026-08-12,
50155Q100,KD,KYNDRYL HOLDINGS INC,US,Common Stock,ok,2026-08-12,
50202M102,LI,LI AUTO INC - ADR,US,ADR,ok,2026-08-12,
50212V100,LPLA,LPL FINANCIAL HOLDINGS INC,US,Common Stock,ok,2026-08-12,
502431109,LHX,L3HARRIS TECHNOLOGIES INC,US,Common Stock,ok,2026-08-12,
504922105,LH,LABCORP HOLDINGS INC,US,Common Stock,ok,2026-08-12,
505336107,LZB,LA-Z-BOY INC,US,Common Stock,ok,2026-08-12,
512807108,LRCXEUR,LAM RESEARCH CORP,X1,Common Stock,ok,2026-08-12,
512807306,LRCX,LAM RESEARCH CORP,US,Common Stock,ok,2026-08-12,
512816109,LAMR,LAMAR ADVERTISING CO-A,US,REIT,ok,2026-08-12,
513847103,MZTI,MARZETTI COMPANY/THE,US,Common Stock,ok,2026-08-12,
517834107,LVS,LAS VEGAS SANDS CORP,US,Common Stock,ok,2026-08-12,
518415104,LSCC,LATTICE SEMICONDUCTOR CORP,US,Common Stock,ok,2026-08-12,
518439104,EL,ESTEE LAUDER COMPANIES-CL A,US,Common Stock,ok,2026-08-12,
52110M109,LAZ,LAZARD INC,US,Common Stock,ok,2026-08-12,
52466B103,LZ,LEGALZOOMCOM INC,US,Common Stock,ok,2026-08-12,
52567D107,LMND,LEMONADE INC,US,Common Stock,ok,2026-08-12,
526057104,LEN,LENNAR CORP-A,US,Common Stock,ok,2026-08-12,
526057302,LEN/B,LENNAR CORP - B SHS,US,Common Stock,ok,2026-08-12,
526107107,LII,LENNOX INTERNATIONAL INC,US,Common Stock,ok,2026-08-12,
527064109,,,,,no match,2026-08-12,
52736R102,LEVI,LEVI STRAUSS & CO- CLASS A,US,Common Stock,ok,2026-08-12,
528877103,LX,LEXINFINTECH HOLDINGS L-ADR,US,ADR,ok,2026-08-12,
530307305,LBRDK,LIBERTY BROADBAND-C,US,Common Stock,ok,2026-08-12,
530909100,LLYVA,LIBERTY LIVE HOLDINGS-A,US,Common Stock,ok,2026-08-12,
530909308,LLYVK,LIBERTY LIVE HOLDINGS-C,US,Common Stock,ok,2026-08-12,
53115L104,LBRT,LIBERTY ENERGY INC,US,Common Stock,ok,2026-08-12,
531229722,LLYVK*,LIBERTY MEDIA CORP-LIBERTY-C,MF,Tracking Stk,ok,2026-08-12,
531229748,LLYVA*,LIBERTY MEDIA CORP-LIBERTY-A,MF,Tracking Stk,ok,2026-08-12,
531229755,FWONK,LIBERTY MEDIA CORP-FORMULA-C,US,Tracking Stk,ok,2026-08-12,
531229789,LM0C,LIBERTY MEDIA CORP-LIBER-NEW,TH,Tracking Stk,ok,2026-08-12,
531229813,22941EUR,LIBERTY MEDIA CORP-CL A NEW,X9,Tracking Stk,ok,2026-08-12,
531229854,FWONKUSD,LIBERTY MEDIA CORP-LIBERTY-C,X9,Tracking Stk,ok,2026-08-12,
53190C102,LTH,LIFE TIME GROUP HOLDINGS INC,US,Common Stock,ok,2026-08-12,
532206109,LIF,LIFE360 INC,US,Common Stock,ok,2026-08-12,
532457108,LLY,ELI LILLY & CO,US,Common Stock,ok,2026-08-12,
53566V106,LINE,LINEAGE INC,US,REIT,ok,2026-08-12,
536797103,LAD,LITHIA MOTORS INC,US,Common Stock,ok,2026-08-12,
53680QAA6,LARCN 1.75 01/15/27,LITHIUM ARGENTINA AG,NEW YORK,GLOBAL,ok,2026-08-17,
537008104,LFUS,LITTELFUSE INC,US,Common Stock,ok,2026-08-12,
538034109,LYV,LIVE NATION ENTERTAINMENT IN,US,Common Stock,ok,2026-08-12,
539439109,LYG,LLOYDS BANKING GROUP PLC-ADR,US,ADR,ok,2026-08-12,
54300N103,,,,,no match,2026-08-12,
546347105,LPX,LOUISIANA-PACIFIC CORP,US,Common Stock,ok,2026-08-12,
548661107,LOW,LOWE'S COS INC,US,Common Stock,ok,2026-08-12,
549498103,CCIVGBP,LUCID GROUP INC,XS,Common Stock,ok,2026-08-12,
549498202,LCID,LUCID GROUP INC,US,Common Stock,ok,2026-08-12,
550021109,LULU,LULULEMON ATHLETICA INC,US,Common Stock,ok,2026-08-12,
55024U109,LITE,LUMENTUM HOLDINGS INC,US,Common Stock,ok,2026-08-12,
55024UAD1,LITE 0.5 12/15/26,LUMENTUM HOLDINGS INC,TRACE,US DOMESTIC,ok,2026-08-12,
55087P104,LYFT,LYFT INC-A,US,Common Stock,ok,2026-08-12,
55261F104,MTB,M & T BANK CORP,US,Common Stock,ok,2026-08-12,
552953101,MGM,MGM RESORTS INTERNATIONAL,US,Common Stock,ok,2026-08-12,
55306N104,MKSI,MKS INC,US,Common Stock,ok,2026-08-12,
55318A108,MNTN,MNTN INC-A,US,Common Stock,ok,2026-08-12,
553368101,MP,MP MATERIALS CORP,US,Common Stock,ok,2026-08-12,
55336V100,MPLX,MPLX LP,US,MLP,ok,2026-08-12,
553498106,MSA,MSA SAFETY INC,US,Common Stock,ok,2026-08-17,
553530106,MSM,MSC INDUSTRIAL DIRECT CO-A,US,Common Stock,ok,2026-08-12,
55354G100,MSCI,MSCI INC,US,Common Stock,ok,2026-08-12,
55405Y100,MTSI,MACOM TECHNOLOGY SOLUTIONS H,US,Common Stock,ok,2026-08-17,
55616P104,M,MACY'S INC,US,Common Stock,ok,2026-08-12,
556269108,SHOO,STEVEN MADDEN LTD,US,Common Stock,ok,2026-08-12,
558256103,MSGE,MADISON SQUARE GARDEN ENTERT,US,Common Stock,ok,2026-08-12,
55825T103,MSGS,MADISON SQUARE GARDEN SPORTS,US,Common Stock,ok,2026-08-12,
562750109,MANH,MANHATTAN ASSOCIATES INC,US,Common Stock,ok,2026-08-12,
56418H100,MAN,MANPOWERGROUP INC,US,Common Stock,ok,2026-08-12,
56501R106,MFC,MANULIFE FINANCIAL CORP,PM,Common Stock,ok,2026-08-12,
565394103,CART,MAPLEBEAR INC,US,Common Stock,ok,2026-08-12,
570535104,MKL,MARKEL GROUP INC,US,Common Stock,ok,2026-08-12,
571903202,MAR,MARRIOTT INTERNATIONAL -CL A,US,Common Stock,ok,2026-08-12,
573284106,MLM,MARTIN MARIETTA MATERIALS,US,Common Stock,ok,2026-08-17,
573874104,MRVL,MARVELL TECHNOLOGY INC,US,Common Stock,ok,2026-08-12,
574795100,MASI*,MASIMO CORP,MM,Common Stock,ok,2026-08-12,
576323109,MTZ,MASTEC INC,US,Common Stock,ok,2026-08-12,
57636Q104,MA,MASTERCARD INC - A,US,Common Stock,ok,2026-08-12,
57638P104,MBC,MASTERBRAND INC,US,Common Stock,ok,2026-08-12,
57667L107,MTCH,MATCH GROUP INC,US,Common Stock,ok,2026-08-12,
57686G105,MATX,MATSON INC,US,Common Stock,ok,2026-08-12,
57776J100,MXL,MAXLINEAR INC,US,Common Stock,ok,2026-08-17,
579780206,MCX,MCCORMICK & CO-NON VTG SHRS,GR,Common Stock,ok,2026-08-12,MKC
580135101,MCD,MCDONALD'S CORP,US,Common Stock,ok,2026-08-12,
58155Q103,MCK,MCKESSON CORP,US,Common Stock,ok,2026-08-12,
58463J304,MPT,MEDICAL PROPERTIES TRUST INC,US,REIT,ok,2026-08-12,
58506Q109,MEDP,MEDPACE HOLDINGS INC,US,Common Stock,ok,2026-08-12,
58507V107,MDLN,MEDLINE INC-CL A,US,Common Stock,ok,2026-08-12,
586001109,75Z,SOHO HOUSE & CO INC,GR,Common Stock,ok,2026-08-12,
58733R102,MLB1,MERCADOLIBRE INC,GR,Common Stock,ok,2026-08-12,MELI
589889104,MMSI,MERIT MEDICAL SYSTEMS INC,US,Common Stock,ok,2026-08-12,
59156R108,MET,METLIFE INC,US,Common Stock,ok,2026-08-12,
59267L107,,,,,no match,2026-08-12,
592688105,MTD,METTLER-TOLEDO INTERNATIONAL,US,Common Stock,ok,2026-08-12,
594918104,MSFT,MICROSOFT CORP,US,Common Stock,ok,2026-08-12,
595017104,MCHP,MICROCHIP TECHNOLOGY INC,US,Common Stock,ok,2026-08-17,
595112103,MU,MICRON TECHNOLOGY INC,US,Common Stock,ok,2026-08-12,
59522J103,MAA,MID-AMERICA APARTMENT COMM,US,REIT,ok,2026-08-12,
596278101,MIDD,MIDDLEBY CORP,US,Common Stock,ok,2026-08-12,
600544100,MLKN,MILLERKNOLL INC,US,Common Stock,ok,2026-08-12,
60471A101,MIR,MIRION TECHNOLOGIES INC,US,Common Stock,ok,2026-08-12,
606710200,MITK,MITEK SYSTEMS INC,US,Common Stock,ok,2026-08-12,
60741F104,MBLY,MOBILEYE GLOBAL INC-A,US,Common Stock,ok,2026-08-12,
60770K107,MRNA,MODERNA INC,US,Common Stock,ok,2026-08-12,
607828100,MOD,MODINE MANUFACTURING CO,US,Common Stock,ok,2026-08-12,
608190104,MHK,MOHAWK INDUSTRIES INC,US,Common Stock,ok,2026-08-12,
60855R100,MOH,MOLINA HEALTHCARE INC,US,Common Stock,ok,2026-08-12,
609207105,MDLZ,MONDELEZ INTERNATIONAL INC-A,US,Common Stock,ok,2026-08-12,
60937P106,MDB,MONGODB INC,US,Common Stock,ok,2026-08-12,
609839105,MPWR,MONOLITHIC POWER SYSTEMS INC,US,Common Stock,ok,2026-08-12,
610236101,MNRO,MONRO INC,US,Common Stock,ok,2026-08-12,
61174X109,MNST,MONSTER BEVERAGE CORP,US,Common Stock,ok,2026-08-12,
615369105,DUT,MOODY'S CORP,GR,Common Stock,ok,2026-08-12,MCO
617446448,DWD,MORGAN STANLEY,GR,Common Stock,ok,2026-08-17,MS
61945C103,MOS,MOSAIC CO/THE,US,Common Stock,ok,2026-08-12,
620076307,MSI,MOTOROLA SOLUTIONS INC,US,Common Stock,ok,2026-08-12,
62482R107,07WA,MR COOPER GROUP INC,GF,Common Stock,ok,2026-08-12,
62548M209,CTEV,CLARITEV CORP,US,Common Stock,ok,2026-08-12,
626755102,MUSA,MURPHY USA INC,US,Common Stock,ok,2026-08-12,
62886E108,VYX,NCR VOYIX CORP,US,Common Stock,ok,2026-08-12,
629377508,NRA,NRG ENERGY INC,GR,Common Stock,ok,2026-08-12,NRG
62944T105,NVR,NVR INC,US,Common Stock,ok,2026-08-12,
630402105,NSSC,NAPCO SECURITY TECHNOLOGIES,US,Common Stock,ok,2026-08-12,
631103108,NDAQ,NASDAQ INC,US,Common Stock,ok,2026-08-12,
632307104,NTRA,NATERA INC,US,Common Stock,ok,2026-08-12,
63845R107,EYE,NATIONAL VISION HOLDINGS INC,US,Common Stock,ok,2026-08-12,
63900P608,NRP,NATURAL RESOURCE PARTNERS LP,US,MLP,ok,2026-08-12,
639057207,NWG,NATWEST GROUP PLC -SPON ADR,US,ADR,ok,2026-08-12,
639193101,NAVN,NAVAN INC-CL A,US,Common Stock,ok,2026-08-12,
64107A113,NPWR/WS,RICE ACQUISITION CORP II-CW,US,Equity WRT,ok,2026-08-12,
64110D104,NTAP,NETAPP INC,US,Common Stock,ok,2026-08-12,
64110L106,NFLX,NETFLIX INC,US,Common Stock,ok,2026-08-12,
64110W102,NTES,NETEASE INC-ADR,US,ADR,ok,2026-08-12,
64119N608,NTSK,NETSKOPE INC-CL A,US,Common Stock,ok,2026-08-12,
642045108,AESI,ATLAS ENERGY SOLUTIONS INC,US,Common Stock,ok,2026-08-12,
647581206,N1UA,NEW ORIENTAL EDUCATIO-SP ADR,GR,ADR,ok,2026-08-12,EDU
650111107,NYT,NEW YORK TIMES CO-A,GR,Common Stock,ok,2026-08-12,
651229106,NWL,NEWELL BRANDS INC,US,Common Stock,ok,2026-08-12,
65249B109,NWSA,NEWS CORP - CLASS A,US,Common Stock,ok,2026-08-12,
65290E101,NXT,NEXTPOWER INC-CL A,US,Common Stock,ok,2026-08-12,
65336K103,NXST,NEXSTAR MEDIA GROUP INC,US,Common Stock,ok,2026-08-12,
65339F101,NEE,NEXTERA ENERGY INC,US,Common Stock,ok,2026-08-12,
653656108,NSY,NICE LTD - SPON ADR,GR,ADR,ok,2026-08-12,NICE
654106103,NKE,NIKE INC -CL B,US,Common Stock,ok,2026-08-12,
654110303,8NI0,NIKOLA CORP,BU,Common Stock,ok,2026-08-12,
65487K100,LASR,NLIGHT INC,US,Common Stock,ok,2026-08-17,
654902204,NOK,NOKIA CORP-SPON ADR,US,ADR,ok,2026-08-12,
65535H208,NMR,NOMURA HOLDINGS INC-SPON ADR,US,ADR,ok,2026-08-12,
655664100,JWNUSD,NORDSTROM INC,XB,Common Stock,ok,2026-08-12,
655844108,NSC,NORFOLK SOUTHERN CORP,US,Common Stock,ok,2026-08-12,
665531307,NOG,NORTHERN OIL AND GAS INC,US,Common Stock,ok,2026-08-12,
668771108,GEN,GEN DIGITAL INC,US,Common Stock,ok,2026-08-12,
66981J102,MNSO,MINISO GROUP HOLDING LTD-ADR,US,ADR,ok,2026-08-12,
66987V109,NVSN,NOVARTIS AG-SPONSORED ADR,MM,ADR,ok,2026-08-12,NVS
670002401,NVV1,NOVAVAX INC,GR,Common Stock,ok,2026-08-12,NVAX
670100205,NVO,NOVO-NORDISK A/S-SPONS ADR,US,ADR,ok,2026-08-12,
670346105,NUE,NUCOR CORP,US,Common Stock,ok,2026-08-12,
67059N108,NTNX,NUTANIX INC - A,US,Common Stock,ok,2026-08-12,
67066G104,NVDA,NVIDIA CORP,US,Common Stock,ok,2026-08-12,
67080N101,NUVB,NUVATION BIO INC,US,Common Stock,ok,2026-08-12,
67080N119,NUVB/WS,NUVATION BIO INC -CW27,UN,Equity WRT,ok,2026-08-12,
67098H104,OI*,O-I GLASS INC,MM,Common Stock,ok,2026-08-12,OI
67103H107,ORLY,O'REILLY AUTOMOTIVE INC,US,Common Stock,ok,2026-08-12,
674599105,OXY,OCCIDENTAL PETROLEUM CORP,US,Common Stock,ok,2026-08-12,
679295105,OKTA,OKTA INC,US,Common Stock,ok,2026-08-12,
679369108,,,,,no match,2026-08-12,
679580100,ODFL,OLD DOMINION FREIGHT LINE,US,Common Stock,ok,2026-08-12,
681116109,OLLI,OLLIE'S BARGAIN OUTLET HOLDI,US,Common Stock,ok,2026-08-12,
682189105,ON,ON SEMICONDUCTOR,US,Common Stock,ok,2026-08-17,
68268W103,OMF,ONEMAIN HOLDINGS INC,US,Common Stock,ok,2026-08-12,
68278B107,K4F,ONESTREAM INC,GR,Common Stock,ok,2026-08-12,
683344105,ONTO,ONTO INNOVATION INC,US,Common Stock,ok,2026-08-12,
68389X105,ORCL,ORACLE CORP,PE,Common Stock,ok,2026-08-12,
68622P109,ORIC,ORIC PHARMACEUTICALS INC,US,Common Stock,ok,2026-08-12,
687604108,ORKA,ORUKA THERAPEUTICS INC,US,Common Stock,ok,2026-08-12,
687793109,OSCR,OSCAR HEALTH INC - CLASS A,US,Common Stock,ok,2026-08-12,
688239201,OSK,OSHKOSH CORP,US,Common Stock,ok,2026-08-12,
68902V107,OTIS,OTIS WORLDWIDE CORP,US,Common Stock,ok,2026-08-12,
69047Q102,OVV,OVINTIV INC,US,Common Stock,ok,2026-08-12,
690742101,OC,OWENS CORNING,US,Common Stock,ok,2026-08-12,
69121K104,OBDC,BLUE OWL CAPITAL CORP,US,Common Stock,ok,2026-08-12,
691497309,OXM,OXFORD INDUSTRIES INC,US,Common Stock,ok,2026-08-12,
69291A100,PHXUSD,PHX MINERALS INC,EU,Common Stock,ok,2026-08-12,
693282105,PDFS,PDF SOLUTIONS INC,US,Common Stock,ok,2026-08-17,
69331C108,PCG,P G & E CORP,US,Common Stock,ok,2026-08-12,
69331C306,PCG 6 12/01/27 A,PG&E CORP,NEW YORK,PUBLIC,ok,2026-08-12,
69331CAL2,PCG 4.25 12/01/27,PG&E CORP,TRACE,US DOMESTIC,ok,2026-08-12,
693475105,PNC,PNC FINANCIAL SERVICES GROUP,US,Common Stock,ok,2026-08-12,
693656100,PVH,PVH CORP,US,Common Stock,ok,2026-08-12,
69370C100,PTC,PTC INC,US,Common Stock,ok,2026-08-12,
69526K105,PTVEUSD,PACTIV EVERGREEN INC,X9,Common Stock,ok,2026-08-12,
697435105,PANW,PALO ALTO NETWORKS INC,US,Common Stock,ok,2026-08-12,
697900108,PAAS,PAN AMERICAN SILVER CORP,CN,Common Stock,ok,2026-08-12,
698813102,PZZA,PAPA JOHN'S INTL INC,US,Common Stock,ok,2026-08-12,
69932A204,PSKY,PARAMOUNT SKYDANCE CL B,US,Common Stock,ok,2026-08-12,
703395103,PDCOEUR,PATTERSON COS INC,XS,Common Stock,ok,2026-08-12,
70339W104,PTRN,PATTERN GROUP INC-CL A,US,Common Stock,ok,2026-08-12,
703481101,PTEN,PATTERSON-UTI ENERGY INC,US,Common Stock,ok,2026-08-12,
70432V102,PAYC,PAYCOM SOFTWARE INC,US,Common Stock,ok,2026-08-12,
70450C101,PAYP,PAYPAY CORP,US,ADR,ok,2026-08-12,
70450Y103,PYPL,PAYPAL HOLDINGS INC,US,Common Stock,ok,2026-08-12,
704551100,BTU,PEABODY ENERGY CORP,US,Common Stock,ok,2026-08-12,
705573103,PEGA,PEGASYSTEMS INC,US,Common Stock,ok,2026-08-12,
70614W100,PTON,PELOTON INTERACTIVE INC-A,US,Common Stock,ok,2026-08-12,
706915105,PENG,PENGUIN SOLUTIONS INC,US,Common Stock,ok,2026-08-12,
707569109,PENN,PENN ENTERTAINMENT INC,US,Common Stock,ok,2026-08-12,
70932M107,PFSI,PENNYMAC FINANCIAL SERVICES,US,Common Stock,ok,2026-08-12,
70959W103,PAG,PENSKE AUTOMOTIVE GROUP INC,US,Common Stock,ok,2026-08-12,
713317105,PEPG,PEPGEN INC,US,Common Stock,ok,2026-08-12,
713448108,PEP,PEPSICO INC,GR,Common Stock,ok,2026-08-12,
71377A103,PFGC,PERFORMANCE FOOD GROUP CO,US,Common Stock,ok,2026-08-12,
71385M107,PRM,PERIMETER SOLUTIONS INC,US,Common Stock,ok,2026-08-12,
71531T105,PSUS,PERSHING SQUARE USA LTD,US,Closed-End Fund,ok,2026-08-17,
717081103,PFE,PFIZER INC,US,Common Stock,ok,2026-08-17,
718172109,4I1,PHILIP MORRIS INTERNATIONAL,GR,Common Stock,ok,2026-08-12,PM
722304102,PDD,PDD HOLDINGS INC,US,ADR,ok,2026-08-12,
72348N109,PNFP,PINNACLE FINANCIAL PARTNERS,US,Common Stock,ok,2026-08-12,
72352L106,PINS,PINTEREST INC- CLASS A,US,Common Stock,ok,2026-08-12,
72703H101,PLNT,PLANET FITNESS INC - CL A,US,Common Stock,ok,2026-08-12,
72919P202,PLUN,PLUG POWER INC,GR,Common Stock,ok,2026-08-12,
731068102,PII,POLARIS INC,US,Common Stock,ok,2026-08-12,
73278L105,POOL,POOL CORP,US,Common Stock,ok,2026-08-12,
732908108,PONY,PONY AI INC,US,ADR,ok,2026-08-12,
73933G202,PSIX,POWER SOLUTIONS INTERNATIONA,US,Common Stock,ok,2026-08-12,
74112D101,PBV,PRESTIGE CONSUMER HEALTHCARE,GR,Common Stock,ok,2026-08-17,PBH
74144T108,TROW,T ROWE PRICE GROUP INC,US,Common Stock,ok,2026-08-12,
741623102,PRMB,PRIMO BRANDS CORP,US,Common Stock,ok,2026-08-12,
742718109,PG,PROCTER & GAMBLE CO/THE,US,Common Stock,ok,2026-08-12,
74275K108,PCOR,PROCORE TECHNOLOGIES INC,US,Common Stock,ok,2026-08-12,
743315103,PGR,PROGRESSIVE CORP,US,Common Stock,ok,2026-08-12,
74347M108,PUMP,PROPETRO HOLDING CORP,US,Common Stock,ok,2026-08-12,
74460D109,PSA,PUBLIC STORAGE,US,REIT,ok,2026-08-12,
74624M102,P,EVERPURE INC-A,US,Common Stock,ok,2026-08-12,
74736K101,QRVO,QORVO INC,US,Common Stock,ok,2026-08-12,
74743L100,Q,QNITY ELECTRONICS INC,US,Common Stock,ok,2026-08-17,
747525103,QCOM,QUALCOMM INC,US,Common Stock,ok,2026-08-12,
74758T303,QLYS,QUALYS INC,US,Common Stock,ok,2026-08-12,
74762E102,PWR,QUANTA SERVICES INC,US,Common Stock,ok,2026-08-12,
74767V109,QS,QUANTUMSCAPE CORP,US,Common Stock,ok,2026-08-12,
74768A104,QNT,QUANTINUUM INC-A,US,Common Stock,ok,2026-08-17,
74834L100,DGX,QUEST DIAGNOSTICS INC,US,Common Stock,ok,2026-08-12,
74935Q107,RBA,RB GLOBAL INC,US,Common Stock,ok,2026-08-12,
74967X103,RH,RH,US,Common Stock,ok,2026-08-12,
750917106,RMBS*,RAMBUS INC,MM,Common Stock,ok,2026-08-12,RMBS
750940108,RAL,RALLIANT CORP,US,Common Stock,ok,2026-08-12,
75120L100,,,,,no match,2026-08-12,
75120L209,RLYB,RALLYBIO CORP,US,Common Stock,ok,2026-08-12,
751212101,RL,RALPH LAUREN CORP,US,Common Stock,ok,2026-08-12,
75281A109,RRC,RANGE RESOURCES CORP,US,Common Stock,ok,2026-08-12,
753422104,RPD,RAPID7 INC,US,Common Stock,ok,2026-08-12,
75513E101,RTX,RTX CORP,US,Common Stock,ok,2026-08-12,
75734B100,RDDT,REDDIT INC-CL A,US,Common Stock,ok,2026-08-12,
758750103,RRX,REGAL REXNORD CORP,US,Common Stock,ok,2026-08-12,
75886F107,REGN,REGENERON PHARMACEUTICALS,US,Common Stock,ok,2026-08-12,
75970E107,RNST,RENASANT CORP,US,Common Stock,ok,2026-08-12,
759916109,RGEN,REPLIGEN CORP,US,Common Stock,ok,2026-08-12,
760125104,RTO,RENTOKIL INITIAL PLC-SP ADR,US,ADR,ok,2026-08-12,
760759100,RSG,REPUBLIC SERVICES INC,US,Common Stock,ok,2026-08-12,
761152107,RME,RESMED INC,GR,Common Stock,ok,2026-08-12,RMD
76118Y104,REZI,RESIDEO TECHNOLOGIES INC,US,Common Stock,ok,2026-08-12,
76131D103,QSR,RESTAURANT BRANDS INTERN,US,Common Stock,ok,2026-08-12,
76156B107,RVLV,REVOLVE GROUP INC,US,Common Stock,ok,2026-08-12,
76171L106,REYN,REYNOLDS CONSUMER PRODUCTS I,US,Common Stock,ok,2026-08-12,
76680R206,RNG,RINGCENTRAL INC-CLASS A,US,Common Stock,ok,2026-08-12,
767292105,RIOT,RIOT PLATFORMS INC,US,Common Stock,ok,2026-08-12,
767292AB1,RIOT 0.75 01/15/30,RIOT PLATFORMS INC,TRACE,US DOMESTIC,ok,2026-08-17,
770700102,HOOD,ROBINHOOD MARKETS INC - A,US,Common Stock,ok,2026-08-12,
770701100,RVI,ROBINHOOD VENTURES FUND I,US,Closed-End Fund,ok,2026-08-12,
771049103,RBLX,ROBLOX CORP -CLASS A,US,Common Stock,ok,2026-08-12,
77311W101,RKT,ROCKET COS INC-CLASS A,US,Common Stock,ok,2026-08-12,
77313F106,RCKT,ROCKET PHARMACEUTICALS INC,US,Common Stock,ok,2026-08-12,
775109200,RCI/B,ROGERS COMMUNICATIONS INC-B,CN,Common Stock,ok,2026-08-12,RCI
775133101,RG6,ROGERS CORP,GR,Common Stock,ok,2026-08-12,ROG
77543R102,ROKU,ROKU INC,US,Common Stock,ok,2026-08-12,
775711104,ROL,ROLLINS INC,US,Common Stock,ok,2026-08-12,
77664L207,ROOT,ROOT INC/OH -CLASS A,US,Common Stock,ok,2026-08-12,
776696106,ROP,ROPER TECHNOLOGIES INC,US,Common Stock,ok,2026-08-12,
778296103,ROST,ROSS STORES INC,US,Common Stock,ok,2026-08-12,
778920306,SHAZ,SHARONAI HOLDINGS INC,US,Common Stock,ok,2026-08-12,
780287108,RGLD,ROYAL GOLD INC,US,Common Stock,ok,2026-08-12,
781154109,RBRK,RUBRIK INC-A,US,Common Stock,ok,2026-08-12,
78351F107,RYAN,RYAN SPECIALTY HOLDINGS INC,US,Common Stock,ok,2026-08-12,
78409V104,SPGI,S&P GLOBAL INC,US,Common Stock,ok,2026-08-12,
78435P105,SEZL,SEZZLE INC,US,Common Stock,ok,2026-08-12,
78440X887,SLG,SL GREEN REALTY CORP,US,REIT,ok,2026-08-12,
78442P106,SLM,SLM CORP,US,Common Stock,ok,2026-08-12,
78462F103,SPY,SS SPDR S&P 500 ETF TRUST-US,US,ETP,ok,2026-08-12,
78462F953,,,,,Invalid idValue format.,2026-08-12,
78463V107,GQ9,SPDR GOLD SHARES,GR,ETP,ok,2026-08-12,
78464A631,XAR,SS SPDR S&P AEROSPACE DEF,US,ETP,ok,2026-08-12,
78464A714,XRT,SS SPDR S&P RETAIL ETF,US,ETP,ok,2026-08-12,
78468R796,SPYX,SS SPDR S&P 500 FOSS FL ETF,US,ETP,ok,2026-08-12,
78573M104,SABR,SABRE CORP,US,Common Stock,ok,2026-08-12,
78709Y105,SAIA,SAIA INC,US,Common Stock,ok,2026-08-12,
78781J109,SAIL,SAILPOINT INC,US,Common Stock,ok,2026-08-12,
790148100,JOE,ST JOE CO/THE,US,Common Stock,ok,2026-08-12,
79466L302,CRM,SALESFORCE INC,US,Common Stock,ok,2026-08-12,
79546E104,S7V,SALLY BEAUTY HOLDINGS INC,GR,Common Stock,ok,2026-08-12,SBH
79589L106,IOT,SAMSARA INC-CL A,US,Common Stock,ok,2026-08-12,
80004C200,SNDK,SANDISK CORP,US,Common Stock,ok,2026-08-12,
80007P869,SA2D,SANDRIDGE ENERGY INC,GR,Common Stock,ok,2026-08-12,SD
801056102,SANM,SANMINA CORP,US,Common Stock,ok,2026-08-17,
80105N105,SNY,SANOFI-ADR,US,ADR,ok,2026-08-12,
80517M109,SVV,SAVERS VALUE VILLAGE INC,US,Common Stock,ok,2026-08-12,
806407102,HSIC,HENRY SCHEIN INC,US,Common Stock,ok,2026-08-12,
806857108,SLB,SLB LTD,US,Common Stock,ok,2026-08-12,
808513105,SCHW,SCHWAB (CHARLES) CORP,US,Common Stock,ok,2026-08-12,
808625107,SAIC,SCIENCE APPLICATIONS INTE,US,Common Stock,ok,2026-08-12,
81141R100,SE,SEA LTD-ADR,US,ADR,ok,2026-08-12,
811543107,SEB,SEABOARD CORP,US,Common Stock,ok,2026-08-12,
812215101,,,,,no match,2026-08-12,
812215200,SEG,SEAPORT ENTERTAINMENT GROUP,US,Common Stock,ok,2026-08-12,
81282V100,PRKS,UNITED PARKS & RESORTS INC,US,Common Stock,ok,2026-08-12,
816850101,SMTC,SEMTECH CORP,US,Common Stock,ok,2026-08-12,
81730H109,S,SENTINELONE INC -CLASS A,US,Common Stock,ok,2026-08-12,
81762P102,NOW,SERVICENOW INC,US,Common Stock,ok,2026-08-12,
81764X103,TTAN,SERVICETITAN INC-A,US,Common Stock,ok,2026-08-12,
819047101,SHAK,SHAKE SHACK INC - CLASS A,US,Common Stock,ok,2026-08-12,
824348106,SHW,SHERWIN-WILLIAMS CO/THE,US,Common Stock,ok,2026-08-12,
824596100,SHG,SHINHAN FINANCIAL GROUP-ADR,US,ADR,ok,2026-08-12,
824889109,SHOE,SHOE STATION GROUP INC,US,Common Stock,ok,2026-08-12,
82509L107,SHOP,SHOPIFY INC - CLASS A,CN,Common Stock,ok,2026-08-12,
82706C108,SIMO,SILICON MOTION TECHNOL-ADR,US,ADR,ok,2026-08-12,
82835W108,SPRY,ARS PHARMACEUTICALS INC,US,Common Stock,ok,2026-08-12,
82900L102,SMPL,SIMPLY GOOD FOODS CO/THE,US,Common Stock,ok,2026-08-12,
829401108,SION,SIONNA THERAPEUTICS INC,US,Common Stock,ok,2026-08-12,
82968B103,SIRIEUR,SIRIUS XM HOLDINGS INC,XS,Common Stock,ok,2026-08-12,
82982L103,SITE,SITEONE LANDSCAPE SUPPLY INC,US,Common Stock,ok,2026-08-12,
82982T106,SITM,SITIME CORP,US,Common Stock,ok,2026-08-17,
829933100,SIRI,SIRIUS XM HOLDINGS INC,AV,Common Stock,ok,2026-08-12,
83001C108,FUN,SIX FLAGS ENTERTAINMENT CORP,US,Common Stock,ok,2026-08-12,
830566105,SKAA,SKECHERS USA INC-CL A,GR,Common Stock,ok,2026-08-12,
830879102,SKYW,SKYWEST INC,US,Common Stock,ok,2026-08-12,
83088M102,AWM,SKYWORKS SOLUTIONS INC,GR,Common Stock,ok,2026-08-12,SWKS
83089J108,,,,,no match,2026-08-17,
83125X103,SL2,SLEEP NUMBER CORP,GR,Common Stock,ok,2026-08-12,SNBRQ
831349105,SLDE,SLIDE INSURANCE HOLDINGS INC,US,Common Stock,ok,2026-08-12,
83175M205,SNN,SMITH & NEPHEW PLC -SPON ADR,US,ADR,ok,2026-08-12,
83192D402,SMA,SMARTSTOP SELF STORAGE REIT,US,REIT,ok,2026-08-12,
83200N103,SMARGBP,SMARTSHEET INC-CLASS A,B1,Common Stock,ok,2026-08-12,
832248207,SFD,SMITHFIELD FOODS INC,US,Common Stock,ok,2026-08-12,
832696405,SJM,JM SMUCKER CO/THE,US,Common Stock,ok,2026-08-12,
833034101,SNA,SNAP-ON INC,US,Common Stock,ok,2026-08-12,
83304A106,SNAP,SNAP INC - A,US,Common Stock,ok,2026-08-12,
833445109,SNOW,SNOWFLAKE INC,US,Common Stock,ok,2026-08-12,
83417M104,SEDG,SOLAREDGE TECHNOLOGIES INC,US,Common Stock,ok,2026-08-12,
83418M103,SEI,SOLARIS ENERGY INFRASTRUCTUR,US,Common Stock,ok,2026-08-12,
83443Q103,SOLS,SOLSTICE ADV MATERIALS INC,US,Common Stock,ok,2026-08-12,
83542D300,SONDQ,SONDER HOLDINGS INC,US,Common Stock,ok,2026-08-12,
83570H108,SONO,SONOS INC,US,Common Stock,ok,2026-08-12,
83601L102,SHC,SOTERA HEALTH CO,US,Common Stock,ok,2026-08-12,
84472E102,SSB,SOUTHSTATE BANK CORP,US,Common Stock,ok,2026-08-12,
844741108,LUV,SOUTHWEST AIRLINES CO,US,Common Stock,ok,2026-08-12,
844895102,SWX,SOUTHWEST GAS HOLDINGS INC,US,Common Stock,ok,2026-08-12,
845467109,SWN1EUR,SOUTHWESTERN ENERGY CO,XS,Common Stock,ok,2026-08-12,
84615Q103,SPCX,SPACE EXPLORATION TECHN-CL A,US,Common Stock,ok,2026-08-17,
84790A105,SPB,SPECTRUM BRANDS HOLDINGS INC,US,Common Stock,ok,2026-08-12,
85205L107,SWTXUSD,SPRINGWORKS THERAPEUTICS INC,X9,Common Stock,ok,2026-08-12,
85208M102,SFM,SPROUTS FARMERS MARKET INC,US,Common Stock,ok,2026-08-12,
852234103,XYZ,BLOCK INC,US,Common Stock,ok,2026-08-12,
85423L103,SARO,STANDARDAERO INC,US,Common Stock,ok,2026-08-12,
855244109,SBUX,STARBUCKS CORP,US,Common Stock,ok,2026-08-12,
857477103,STT,STATE STREET CORP,US,Common Stock,ok,2026-08-12,
85914M107,STEP,STEPSTONE GROUP INC-CLASS A,US,Common Stock,ok,2026-08-12,
859241101,UAO,STERLING INFRASTRUCTURE INC,GR,Common Stock,ok,2026-08-17,STRL
860897107,SFIX,STITCH FIX INC-CLASS A,US,Common Stock,ok,2026-08-12,
861012102,STM,STMICROELECTRONICS NV-NY SHS,US,NY Reg Shrs,ok,2026-08-17,
863667101,SYK,STRYKER CORP,US,Common Stock,ok,2026-08-12,
86384P109,STUB,STUBHUB HOLDINGS INC-CLASS A,US,Common Stock,ok,2026-08-12,
866683105,SNCY,SUN COUNTRY AIRLINES HOLDING,US,Common Stock,ok,2026-08-12,
866796105,LIE,SUN LIFE FINANCIAL INC,GR,Common Stock,ok,2026-08-17,SLF
866966104,SUNB,SUNBELT RENTALS HOLDINGS INC,US,Common Stock,ok,2026-08-12,
867224107,SU,SUNCOR ENERGY INC,CN,Common Stock,ok,2026-08-12,
86765K109,SUN,SUNOCO LP,US,MLP,ok,2026-08-12,
8676EP108,STKL,SUNOPTA INC,US,Common Stock,ok,2026-08-12,
86800U104,SMCIUSD,SUPER MICRO COMPUTER INC,X1,Common Stock,ok,2026-08-12,
86800U302,SMCI,SUPER MICRO COMPUTER INC,US,Common Stock,ok,2026-08-12,
87043Q108,SG,SWEETGREEN INC - CLASS A,US,Common Stock,ok,2026-08-12,
87151X101,SYM,SYMBOTIC INC,US,Common Stock,ok,2026-08-12,
871607107,SNPS,SYNOPSYS INC,US,Common Stock,ok,2026-08-12,
87162W100,SUX,TD SYNNEX CORP,GR,Common Stock,ok,2026-08-12,SNX
87165B103,SYF,SYNCHRONY FINANCIAL,US,Common Stock,ok,2026-08-12,
871829107,SYY,SYSCO CORP,US,Common Stock,ok,2026-08-17,
87241L109,TFII,TFI INTERNATIONAL INC,CN,Common Stock,ok,2026-08-12,
872540109,TJX,TJX COMPANIES INC,US,Common Stock,ok,2026-08-12,
87256C101,TKO,TKO GROUP HOLDINGS INC,US,Common Stock,ok,2026-08-12,
872590104,TMUS,T-MOBILE US INC,US,Common Stock,ok,2026-08-12,
87305R109,TTMI,TTM TECHNOLOGIES,US,Common Stock,ok,2026-08-17,
87318A101,TWFG,TWFG INC,US,Common Stock,ok,2026-08-12,
874039100,TSM,TAIWAN SEMICONDUCTOR-SP ADR,US,ADR,ok,2026-08-12,
874054109,TTWO,TAKE-TWO INTERACTIVE SOFTWRE,US,Common Stock,ok,2026-08-12,
874080104,TAL,TAL EDUCATION GROUP- ADR,US,ADR,ok,2026-08-12,
87422Q109,TLN,TALEN ENERGY CORP,US,Common Stock,ok,2026-08-12,
87424L207,TLIS,TALIS BIOMEDICAL CORP,US,Common Stock,ok,2026-08-12,
876030107,TPR,TAPESTRY INC,US,Common Stock,ok,2026-08-12,
87612E106,DYH,TARGET CORP,GR,Common Stock,ok,2026-08-12,TGT
878742204,TECK/B,TECK RESOURCES LTD-CLS B,CN,Common Stock,ok,2026-08-12,TECK
87901J105,TGNA,TEGNA INC,US,Common Stock,ok,2026-08-12,
87918A105,TDOC,TELADOC HEALTH INC,US,Common Stock,ok,2026-08-12,
879433829,TDS,TELEPHONE AND DATA SYSTEMS,US,Common Stock,ok,2026-08-12,
88023B103,TEM,TEMPUS AI INC-CL A,US,Common Stock,ok,2026-08-12,
88023U101,TPD,SOMNIGROUP INTERNATIONAL INC,GR,Common Stock,ok,2026-08-12,SGI
88033G407,THC,TENET HEALTHCARE CORP,US,Common Stock,ok,2026-08-12,
880770102,TER,TERADYNE INC,US,Common Stock,ok,2026-08-12,
880779103,TEX,TEREX CORP,US,Common Stock,ok,2026-08-12,
88080T104,WULF,TERAWULF INC,US,Common Stock,ok,2026-08-12,
88160R101,TSLA,TESLA INC,US,Common Stock,ok,2026-08-12,
881624209,TEVA,TEVA PHARMACEUTICAL-SP ADR,US,ADR,ok,2026-08-12,
882508104,TXN,TEXAS INSTRUMENTS INC,US,Common Stock,ok,2026-08-12,
882681109,TXRH,TEXAS ROADHOUSE INC,US,Common Stock,ok,2026-08-12,
88337F105,ODP1,ODP CORP/THE,GR,Common Stock,ok,2026-08-12,
88339J105,TTD,TRADE DESK INC/THE -CLASS A,US,Common Stock,ok,2026-08-12,
88339P101,REAL,REALREAL INC/THE,US,Common Stock,ok,2026-08-12,
883556102,TMO,THERMO FISHER SCIENTIFIC INC,US,Common Stock,ok,2026-08-12,
88556E102,TDUP,THREDUP INC - CLASS A,US,Common Stock,ok,2026-08-12,
88557W101,QFIN,QFIN HOLDINGS INC-ADR,US,ADR,ok,2026-08-12,
88579Y101,MMM,3M CO,US,Common Stock,ok,2026-08-12,
887389104,TKR,TIMKEN CO,US,Common Stock,ok,2026-08-12,
888787108,TOST,TOAST INC-CLASS A,US,Common Stock,ok,2026-08-12,
889478103,TOL,TOLL BROTHERS INC,US,Common Stock,ok,2026-08-12,
891160509,TD,TORONTO-DOMINION BANK,CN,Common Stock,ok,2026-08-12,
892356106,TSCO,TRACTOR SUPPLY COMPANY,US,Common Stock,ok,2026-08-12,
892672106,TW,TRADEWEB MARKETS INC-CLASS A,US,Common Stock,ok,2026-08-12,
893641100,T7D,TRANSDIGM GROUP INC,GR,Common Stock,ok,2026-08-12,TDG
89400J107,TRU,TRANSUNION,US,Common Stock,ok,2026-08-12,
894164102,WD5A,TRAVEL + LEISURE CO,GR,Common Stock,ok,2026-08-12,TNL
89417E109,TRV,TRAVELERS COS INC/THE,US,Common Stock,ok,2026-08-12,
89422G107,TVTX,TRAVERE THERAPEUTICS INC,US,Common Stock,ok,2026-08-12,
89532M101,TRVI,TREVI THERAPEUTICS INC,US,Common Stock,ok,2026-08-12,
896239100,TRMB,TRIMBLE INC,US,Common Stock,ok,2026-08-12,
89677Q107,CLV,TRIP.COM GROUP LTD-ADR,GR,ADR,ok,2026-08-12,TCOM
89679E300,TFIN,TRIUMPH FINANCIAL INC,US,Common Stock,ok,2026-08-12,
896945201,TRIP,TRIPADVISOR INC,US,Common Stock,ok,2026-08-12,
898202106,TRUP,TRUPANION INC,US,Common Stock,ok,2026-08-12,
89832Q109,TFC,TRUIST FINANCIAL CORP,US,Common Stock,ok,2026-08-12,
90041L105,TPB,TURNING POINT BRANDS INC,US,Common Stock,ok,2026-08-12,
90138F102,TWLO,TWILIO INC - A,US,Common Stock,ok,2026-08-12,
902494103,TSN,TYSON FOODS INC-CL A,US,Common Stock,ok,2026-08-12,
902685106,,,,,no match,2026-08-12,
902973304,USB,US BANCORP,US,Common Stock,ok,2026-08-12,
90353T100,UBER,UBER TECHNOLOGIES INC,US,Common Stock,ok,2026-08-12,
90353W103,UI,UBIQUITI INC,US,Common Stock,ok,2026-08-12,
90364P105,PATH,UIPATH INC - CLASS A,US,Common Stock,ok,2026-08-12,
90384S303,ULTA,ULTA BEAUTY INC,US,Common Stock,ok,2026-08-12,
90385V107,UCTT,ULTRA CLEAN HOLDINGS INC,US,Common Stock,ok,2026-08-12,
904311107,UAA,UNDER ARMOUR INC-CLASS A,US,Common Stock,ok,2026-08-12,
904767704,,,,,no match,2026-08-12,
907818108,UNP,UNION PACIFIC CORP,US,Common Stock,ok,2026-08-12,
910047109,UAL,UNITED AIRLINES HOLDINGS INC,US,Common Stock,ok,2026-08-12,
910873405,UMC,UNITED MICROELECTRON-SP ADR,US,ADR,ok,2026-08-17,
911312106,UPS,UNITED PARCEL SERVICE-CL B,US,Common Stock,ok,2026-08-12,
911684108,AD,ARRAY DIGITAL INFRASTRUCTURE,US,Common Stock,ok,2026-08-12,
912008109,USFD,US FOODS HOLDING CORP,US,Common Stock,ok,2026-08-12,
912909108,USX1,UNITED STATES STEEL CORP,GF,Common Stock,ok,2026-08-12,
91324P102,UNH,UNITEDHEALTH GROUP INC,US,Common Stock,ok,2026-08-12,
91332U101,U,UNITY SOFTWARE INC,US,Common Stock,ok,2026-08-12,
91680M107,UPST,UPSTART HOLDINGS INC,US,Common Stock,ok,2026-08-12,
91688F104,UPWK,UPWORK INC,US,Common Stock,ok,2026-08-12,
917047102,URBN,URBAN OUTFITTERS INC,US,Common Stock,ok,2026-08-12,
918090101,UTZ,UTZ BRANDS INC,US,Common Stock,ok,2026-08-17,
918204108,VFC,VF CORP,US,Common Stock,ok,2026-08-12,
91913Y100,VLO,VALERO ENERGY CORP,US,Common Stock,ok,2026-08-12,
92047W101,VVV,VALVOLINE INC,US,Common Stock,ok,2026-08-12,
92189F106,GDX,VANECK GOLD MINERS ETF,US,ETP,ok,2026-08-12,
92189F676,SMH,VANECK SEMICONDUCTOR ETF,US,ETP,ok,2026-08-12,
92189H607,OIH,VANECK OIL SERVICES ETF,US,ETP,ok,2026-08-12,
922042874,VGK,VANGUARD FTSE EUROPE ETF,US,ETP,ok,2026-08-12,
92206C706,VGIT,VANGUARD INTERMEDIATE-TERM T,US,ETP,ok,2026-08-12,
922280102,VRNS,VARONIS SYSTEMS INC,US,Common Stock,ok,2026-08-12,
922417100,VECO,VEECO INSTRUMENTS INC,US,Common Stock,ok,2026-08-12,
92243G108,PCVX,VAXCYTE INC,US,Common Stock,ok,2026-08-12,
922475108,VEEV,VEEVA SYSTEMS INC-CLASS A,US,Common Stock,ok,2026-08-12,
922907746,VTEB,VANGUARD TAX-EXEMPT BOND ETF,US,ETP,ok,2026-08-12,
922908363,VOO,VANGUARD S&P 500 ETF,US,ETP,ok,2026-08-12,
922967104,MANE,VERADERMICS INC,US,Common Stock,ok,2026-08-12,
92343E102,VRSN,VERISIGN INC,US,Common Stock,ok,2026-08-12,
92343V104,BAC,VERIZON COMMUNICATIONS INC,GR,Common Stock,ok,2026-08-12,
92345Y106,VRSK,VERISK ANALYTICS INC,US,Common Stock,ok,2026-08-12,
925050106,VRNA,VERONA PHARMA PLC - ADR,VY,ADR,ok,2026-08-12,
925283103,VSNT,VERSANT MEDIA GROUP INC,US,Common Stock,ok,2026-08-12,
92537N108,VRT,VERTIV HOLDINGS CO-A,US,Common Stock,ok,2026-08-12,
92556H206,0VVB,PARAMOUNT GLOBAL-CLASS B,GR,Common Stock,ok,2026-08-12,
92556V106,VTRS,VIATRIS INC,US,Common Stock,ok,2026-08-12,
92556W104,VIA,VIA TRANSPORTATION INC-CL A,US,Common Stock,ok,2026-08-12,
925815102,VICR,VICOR CORP,US,Common Stock,ok,2026-08-17,
926400102,VSXY,VICTORIA'S SECRET & CO,US,Common Stock,ok,2026-08-12,
92686J106,VKTX,VIKING THERAPEUTICS INC,US,Common Stock,ok,2026-08-12,
92790C104,VRDN,VIRIDIAN THERAPEUTICS INC,US,Common Stock,ok,2026-08-12,
92826C839,V,VISA INC-CLASS A SHARES,US,Common Stock,ok,2026-08-12,
928298108,VSH,VISHAY INTERTECHNOLOGY INC,US,Common Stock,ok,2026-08-17,
928377100,VSTOEUR,VISTA OUTDOOR INC,XS,Common Stock,ok,2026-08-12,
92840M102,VST,VISTRA CORP,US,Common Stock,ok,2026-08-12,
92846Q107,COCO,VITA COCO CO INC/THE,US,Common Stock,ok,2026-08-12,
92847W103,VITL,VITAL FARMS INC,US,Common Stock,ok,2026-08-12,
92892B103,VOYG,VOYAGER TECHNOLOGIES INC-A,US,Common Stock,ok,2026-08-12,
929089100,VOYA,VOYA FINANCIAL INC,US,Common Stock,ok,2026-08-17,
929160109,VMC,VULCAN MATERIALS CO,US,Common Stock,ok,2026-08-12,
929236107,WDFC,WD-40 CO,US,Common Stock,ok,2026-08-12,
931142103,WMT,WALMART INC,US,Common Stock,ok,2026-08-12,
93403J106,WRBY,WARBY PARKER INC-CLASS A,US,Common Stock,ok,2026-08-12,
934423104,WBD,WARNER BROS DISCOVERY INC,US,Common Stock,ok,2026-08-12,
934550203,WMG,WARNER MUSIC GROUP CORP-CL A,US,Common Stock,ok,2026-08-12,
94106L109,WM,WASTE MANAGEMENT INC,US,Common Stock,ok,2026-08-12,
941848103,WAT,WATERS CORP,US,Common Stock,ok,2026-08-12,
942622200,WSO,WATSCO INC,US,Common Stock,ok,2026-08-17,
94419L101,W,WAYFAIR INC- CLASS A,US,Common Stock,ok,2026-08-12,
947002101,WLTH,WEALTHFRONT CORP,US,Common Stock,ok,2026-08-12,
947890109,WBS,WEBSTER FINANCIAL CORP,US,Common Stock,ok,2026-08-12,
94845U105,WBTN,WEBTOON ENTERTAINMENT INC,US,Common Stock,ok,2026-08-12,
948849104,WMK,WEIS MARKETS INC,US,Common Stock,ok,2026-08-12,
949746101,WFC,WELLS FARGO & CO,US,Common Stock,ok,2026-08-12,
95058W100,WEN,WENDY'S CO/THE,US,Common Stock,ok,2026-08-12,
950755108,WERN,WERNER ENTERPRISES INC,US,Common Stock,ok,2026-08-12,
95082P105,WCC,WESCO INTERNATIONAL INC,US,Common Stock,ok,2026-08-12,
955306105,WST,WEST PHARMACEUTICAL SERVICES,US,Common Stock,ok,2026-08-12,
957638109,WEA,WESTERN ALLIANCE BANCORP,GR,Common Stock,ok,2026-08-12,
958102105,WDC,WESTERN DIGITAL CORP,US,Common Stock,ok,2026-08-12,
958102AT2,WDC 3 11/15/28,WESTERN DIGITAL CORP,TRACE,US DOMESTIC,ok,2026-08-12,
96145D105,WRKUSD,WESTROCK CO,XB,Common Stock,ok,2026-08-12,
96208T104,WEX,WEX INC,US,Common Stock,ok,2026-08-12,
962879102,WPM,WHEATON PRECIOUS METALS CORP,CN,Common Stock,ok,2026-08-12,
963320106,WHR,WHIRLPOOL CORP,US,Common Stock,ok,2026-08-12,
96524T101,WHK,WHITEHAWK MINERALS CORP-CL A,US,Common Stock,ok,2026-08-17,
969904101,WSM,WILLIAMS-SONOMA INC,US,Common Stock,ok,2026-08-12,
971378104,WSC,WILLSCOT HOLDINGS CORP,US,Common Stock,ok,2026-08-12,
974155103,WING,WINGSTOP INC,US,Common Stock,ok,2026-08-12,
974250102,GBZ,WINMARK CORP,GF,Common Stock,ok,2026-08-12,WINA
97717P104,WT,WISDOMTREE INC,US,Common Stock,ok,2026-08-12,
97785W106,WOLF,WOLFSPEED INC,US,Common Stock,ok,2026-08-17,
98138H101,WDAY,WORKDAY INC-CLASS A,US,Common Stock,ok,2026-08-12,
98139A105,WK,WORKIVA INC,US,Common Stock,ok,2026-08-12,
98311A105,WH,WYNDHAM HOTELS & RESORTS INC,US,Common Stock,ok,2026-08-12,
983134107,WYNN,WYNN RESORTS LTD,US,Common Stock,ok,2026-08-12,
98386P102,XE,X-ENERGY INC,US,Common Stock,ok,2026-08-17,
98390R102,XNDU,XANADU QUANTUM TECH-CL B,CN,Common Stock,ok,2026-08-12,
98585X104,YETI,YETI HOLDINGS INC,US,Common Stock,ok,2026-08-12,
988498101,YUM,YUM! BRANDS INC,US,Common Stock,ok,2026-08-12,
98850P109,YUMC,YUM CHINA HOLDINGS INC,US,Common Stock,ok,2026-08-12,
98877R104,ZKH,ZKH GROUP LTD,US,ADR,ok,2026-08-12,
98887Q104,ZLAB,ZAI LAB LTD-ADR,US,ADR,ok,2026-08-12,
989207105,ZBRA,ZEBRA TECHNOLOGIES CORP-CL A,US,Common Stock,ok,2026-08-12,
98954M101,ZG,ZILLOW GROUP INC - A,US,Common Stock,ok,2026-08-12,
98954M200,Z,ZILLOW GROUP INC - C,US,Common Stock,ok,2026-08-12,
989701107,ZION,ZIONS BANCORP NA,US,Common Stock,ok,2026-08-12,
98978V103,ZTS,ZOETIS INC,US,Common Stock,ok,2026-08-12,
98980F104,GTM,ZOOMINFO TECHNOLOGIES INC,US,Common Stock,ok,2026-08-12,
98980G102,ZS,ZSCALER INC,US,Common Stock,ok,2026-08-12,
98980L101,ZM,ZOOM COMMUNICATIONS INC,US,Common Stock,ok,2026-08-12,
989817101,ZM3,ZUMIEZ INC,GR,Common Stock,ok,2026-08-12,ZUMZ
D18190898,,,,,no match,2026-08-12,
F21107101,,,,,no match,2026-08-12,
G00894108,,,,,no match,2026-08-12,
G0176J109,,,,,no match,2026-08-12,
G0260P102,,,,,no match,2026-08-12,AS
G0370L116,,,,,no match,2026-08-12,
G0403H108,,,,,no match,2026-08-12,AON
G0750C108,,,,,no match,2026-08-12,
G11448100,,,,,no match,2026-08-12,
G1151C101,,,,,no match,2026-08-12,
G16910120,,,,,no match,2026-08-12,
G1890L107,,,,,no match,2026-08-12,
G2004J103,,,,,no match,2026-08-17,
G21810109,,,,,no match,2026-08-12,
G25457105,,,,,no match,2026-08-12,CRDO
G25508105,,,,,no match,2026-08-12,CRH
G27358103,,,,,no match,2026-08-12,
G29183103,,,,,no match,2026-08-12,ETN
G2R11M108,,,,,no match,2026-08-17,
G31249108,,,,,no match,2026-08-12,
G32089107,,,,,no match,2026-08-12,
G3265R107,,,,,no match,2026-08-12,
G33856108,,,,,no match,2026-08-12,
G3398L118,,,,,no match,2026-08-12,PLGO
G3421J106,,,,,no match,2026-08-12,
G3643J108,,,,,no match,2026-08-12,
G39108108,,,,,no match,2026-08-12,
G3934N107,,,,,no match,2026-08-12,
G3934N115,,,,,no match,2026-08-12,
G39387108,,,,,no match,2026-08-12,
G4124C109,,,,,no match,2026-08-12,
G4124C117,,,,,no match,2026-08-17,
G4253H101,,,,,no match,2026-08-12,
G4412G101,,,,,no match,2026-08-12,
G4627B103,,,,,no match,2026-08-12,
G4705A100,,,,,no match,2026-08-12,
G4740B105,,,,,no match,2026-08-12,
G4863A108,,,,,no match,2026-08-12,
G48833118,,,,,no match,2026-08-12,
G50737124,,,,,no match,2026-08-12,
G51502105,,,,,no match,2026-08-12,JCI
G5279N105,,,,,no match,2026-08-12,
G54950103,,,,,no match,2026-08-12,LIN
G5509L101,,,,,no match,2026-08-12,
G5784H106,,,,,no match,2026-08-12,
G61188101,,,,,no match,2026-08-12,
G61188127,,,,,no match,2026-08-12,
G65163100,,,,,no match,2026-08-12,
G65431127,,,,,no match,2026-08-12,
G66721104,,,,,no match,2026-08-12,
G6674U108,,,,,no match,2026-08-12,
G6683N103,,,,,no match,2026-08-12,NU
G68707101,,,,,no match,2026-08-12,
G76279101,,,,,no match,2026-08-12,ROIV
G7709Q104,,,,,no match,2026-08-12,
G7997R103,,,,,no match,2026-08-12,STX
G7997W102,,,,,no match,2026-08-12,
G8060N102,,,,,no match,2026-08-12,
G8068L108,,,,,no match,2026-08-12,
G81276100,,,,,no match,2026-08-12,
G8192H106,,,,,no match,2026-08-12,
G85158106,,,,,no match,2026-08-12,
G87052109,,,,,no match,2026-08-17,
G87110105,,,,,no match,2026-08-12,
G9001E102,,,,,no match,2026-08-12,
G9001E128,,,,,no match,2026-08-12,
G9456A100,,,,,no match,2026-08-12,
G9572D103,,,,,no match,2026-08-12,
G9600F104,,,,,no match,2026-08-17,
G96115103,,,,,no match,2026-08-12,
G97822103,,,,,no match,2026-08-12,
H01301128,,,,,no match,2026-08-12,
H11356104,,,,,no match,2026-08-12,
H1467J104,,,,,no match,2026-08-12,CB
H2627K103,,,,,Invalid idValue format.,2026-08-12,AMRZ
H2906T109,,,,,no match,2026-08-12,
H2927K103,,,,,no match,2026-08-12,AMRZ
H33700107,,,,,no match,2026-08-12,
H33700115,,,,,no match,2026-08-12,
H42097107,,,,,no match,2026-08-12,
H50430232,,,,,no match,2026-08-12,
H5919C104,,,,,no match,2026-08-12,
L00849106,,,,,no match,2026-08-12,
L02235106,,,,,no match,2026-08-12,
L7579L106,,,,,no match,2026-08-12,
L8681T102,,,,,no match,2026-08-12,SPOT
M2029K104,,,,,no match,2026-08-12,
M20791105,,,,,no match,2026-08-17,
M22465104,,,,,no match,2026-08-12,
M4R82T106,,,,,no match,2026-08-12,
M6191J100,,,,,no match,2026-08-12,
M7516K103,,,,,no match,2026-08-17,
M7518J104,,,,,no match,2026-08-12,
M7S64H106,,,,,no match,2026-08-12,
M8744T106,,,,,no match,2026-08-12,
M87915274,,,,,no match,2026-08-12,
M98068105,,,,,no match,2026-08-12,
M9T951109,,,,,no match,2026-08-12,
N07059210,,,,,no match,2026-08-12,ASML
N14506104,,,,,no match,2026-08-12,
N20944109,,,,,no match,2026-08-12,
N3144W105,,,,,no match,2026-08-12,
N3167Y103,,,,,no match,2026-08-12,
N3168P101,,,,,no match,2026-08-12,FER
N52A8C105,,,,,no match,2026-08-17,
N5505D105,,,,,no match,2026-08-17,
N62509109,,,,,no match,2026-08-12,NAMS
N69605108,,,,,no match,2026-08-12,
N69958101,,,,,no match,2026-08-12,
N70544106,,,,,no match,2026-08-12,
N82405106,,,,,no match,2026-08-12,
N90064101,,,,,no match,2026-08-12,
N97284108,,,,,no match,2026-08-12,NBIS
P5626F128,,,,,no match,2026-08-12,
Q4982L109,,,,,no match,2026-08-12,IREN
Y2065G121,,,,,no match,2026-08-12,
Y2573F102,,,,,no match,2026-08-12,
Y95308105,,,,,no match,2026-08-12,
