path,sha256
dashboard/staging/index.html,438f966afdcf7c35799980e5dea1510b2f21ccc0346e373595ed25f204d8acd6
data/holdings/altimeter/2024Q2.csv,8360120d7b22d9662c916254843006087187d3587eb3da996cd5c1e92a2a24d6
data/holdings/altimeter/2024Q3.csv,050bd0753e6b877913992dd408cbc5c19fa82e54a3fbce3034f34ff5bbbec08b
data/holdings/altimeter/2024Q4.csv,7263158744225fa7505a5571a771757926391f1823fef588723da0c2e3fa0dd3
data/holdings/altimeter/2025Q1.csv,89dcdf7591d6a57ba3e53165dc634a1393894c4f9a1ea7f38a3f1e91ba6c166a
data/holdings/altimeter/2025Q2.csv,89e3d5fff4c7bae23252107636f5472ae68019f0d2108a0e1502db866a1ba804
data/holdings/altimeter/2025Q3.csv,a77de5b69bba55ae3ea1b3566d73ddc06eebf9dbbcc2b6c54877344cb5b28dc7
data/holdings/altimeter/2025Q4.csv,654e6bb65e00110d4eb5fcacc40c287ae36086c4887b07e23e6c30e1447bd966
data/holdings/altimeter/2026Q1.csv,6ad6367a8b3a36c05e511e4d49cf52b4e4c0000b731b5b88e4dcb620a00fa54b
data/holdings/altimeter/2026Q2.csv,d950898aa8e7a41122b78c209379938e8de29d4419a73ebb62ac7d4c88efefe4
data/holdings/appaloosa/2024Q2.csv,9b49ea2c8bd4eb48bd4b5054cb30062ebebdfdef14bd3f89f0a8ea76fbdf33bc
data/holdings/appaloosa/2024Q3.csv,f94c8bd2c44809a84b9bef294f44f0d4e33729534998b46d07f3de44b8d3058f
data/holdings/appaloosa/2024Q4.csv,aa116da90dd4130e95abf1f369cae50c68fa7be54eae5c022d761b5cdfc80d66
data/holdings/appaloosa/2025Q1.csv,7c67e1c4d9b55fbcba627a71a9278e38538bb9fc7457871cefa89b35c251c6b3
data/holdings/appaloosa/2025Q2.csv,f24fc8e34a396257dd636d81c8fbce40fa41b74aa3909a3a7d3c369b7a9de1c3
data/holdings/appaloosa/2025Q3.csv,bcf4437cef518242b41d6a0872d71d6fd15a752c1f92294b29b91fd31fabfc01
data/holdings/appaloosa/2025Q4.csv,39cfa91bbe60ad99e44cdf14dc94e24a863a4b801ce34254a666c0afafceb209
data/holdings/appaloosa/2026Q1.csv,b68940a44a8ff5cd103d6e32b1780b9f24791c9c91e0dbf7d5085e5c249c198c
data/holdings/appaloosa/2026Q2.csv,03e11fea969d0641f2e5858ad2d15c68f7c4a4634602d0e10fbd9a2777d2d366
data/holdings/atreides/2024Q2.csv,8a7fe223cf6989ab07ac499648cd5076b590f971701471b6715a28352923b8a0
data/holdings/atreides/2024Q3.csv,d502f7ee81ae1ddcccb7308ee29a3f6644090f4ec6ba1ca79b3e8e6ff4e80bdd
data/holdings/atreides/2024Q4.csv,ac52348b832817da09845888cba42b8b9fcd135fa59fc2b319d4516621c5f8e4
data/holdings/atreides/2025Q1.csv,b83818f6df542608689c9952efd0a7d2260c2407f27882287b17bff4317d5732
data/holdings/atreides/2025Q2.csv,10dc9b8f0f232d00b6238daf1aacbd62fb32c11e294c66cb2e1381c5e56da582
data/holdings/atreides/2025Q3.csv,dd426dda313441d23d8414ec0b91c9e2dd2b16ec524756c9dbeabb247016c905
data/holdings/atreides/2025Q4.csv,1e0293306b5b18f6229faf3d88cf107eeaf378baea0da1c7ded75b1699894819
data/holdings/atreides/2026Q1.csv,b4b4769c4d08dac04cb0e44447e87f4389bbeb672fdc30761baa7f6fab44a6bb
data/holdings/atreides/2026Q2.csv,952374f504c4e976fe648d81f453c25d1c474219c69caf4460f8ae7c4be45885
data/holdings/berkshire-hathaway/2024Q2.csv,4d28550d01f6cc7eb4756c84c4036c2751e4e5f39893917e8210ebdf842376e7
data/holdings/berkshire-hathaway/2024Q3.csv,aebe8371c32e5b0286fb5d5d914dd1019a7528931df0011ce1b8a321514e9bcd
data/holdings/berkshire-hathaway/2024Q4.csv,4b32460c25d77fcc0f56b33facff86e696600139f13e99fb8b658a8b6247a149
data/holdings/berkshire-hathaway/2025Q1.csv,cbbbd1d28552036a2762bd41a3cdea9dfe22a275ccf2acadd9d7250227ea1fe1
data/holdings/berkshire-hathaway/2025Q2.csv,489b651d7c68f3e6ec6109c15f9c045a4d818f14f2ed648881c4cda4a6ebfc76
data/holdings/berkshire-hathaway/2025Q3.csv,3ca450a20c817d36255ad18919030c0b94c03bb5f21e19a5d91b890f314d92e9
data/holdings/berkshire-hathaway/2025Q4.csv,7c0ecbdedddc22b69c9fa32addfcd5aa65a0d75b39c6135035c9f7fa575a4542
data/holdings/berkshire-hathaway/2026Q1.csv,174d2f2769d42ad381c9793a89288540afbff1ed6464a12b3d0c74f88110b857
data/holdings/berkshire-hathaway/2026Q2.csv,a98778574c7d87f46dbc8cbc5162477f71ab1f7b546b17a501231c183ccb7293
data/holdings/coatue/2024Q2.csv,6eb0ad70fa102f57a502f9b5ef4da2fcfcc706411783fd52a308957823307f64
data/holdings/coatue/2024Q3.csv,a6b532e35450d11897c7b35b0483dc045b8688cf53afb9bbc1e08a711315f33d
data/holdings/coatue/2024Q4.csv,b6a57a9e5e45f278dc51ffdd47467fff63c0140e69796a53e049d9e3ed02304c
data/holdings/coatue/2025Q1.csv,d58b6c6ed6e751474b0720f671f9a37630c6a4d844fba7fcbdfd8c0a784ed959
data/holdings/coatue/2025Q2.csv,92b6eef807b02df6d62780d09f7c5404783964fd0730aac4fa4e793ee3c34acb
data/holdings/coatue/2025Q3.csv,3384bcbe37329913ada0dda8fb1cc3138aaf9640c81d4154df4cbb5eeda0dfc7
data/holdings/coatue/2025Q4.csv,2f9ed6f29f634650975c239fcf10a5172c6d257b043923d4942916d64b1cbb93
data/holdings/coatue/2026Q1.csv,dd1e27d71601325eb626a4b63721fdd62cf3bf3d28511e2ce4027f28c97fa116
data/holdings/coatue/2026Q2.csv,d1496397e79596691f2135a05a42f084da0dee4a18925292ee50ced3203a807d
data/holdings/fairholme/2024Q2.csv,0014b1102b19038b7f2e3c365ae91b7b0a02a2bd6ee748746bc03c0e04783179
data/holdings/fairholme/2024Q3.csv,64b48cb0a9e202c7f9ca570d6ba3e432c1f732ded1147bb3b10a153152596545
data/holdings/fairholme/2024Q4.csv,6a95ce2398d17b0c216b9aa070ba6b7d3e94764c02818cfa823e40ba9518f9d9
data/holdings/fairholme/2025Q1.csv,048d135882de6cf1248836461147d7321edd100fa3c0471493abd9a67fb0fdd5
data/holdings/fairholme/2025Q2.csv,8814452a2173182124cb6118afa76b744411825c37e1bf505f32943c64db0641
data/holdings/fairholme/2025Q3.csv,2aec21969990d6d3af0a79a984a7b0d195d77c001cbd7101d41aa4ea5ff8d035
data/holdings/fairholme/2025Q4.csv,4fe6887f2e8c4a0bf2506c0e786ccfa1538361aee65a7106d4e7065c3f67869d
data/holdings/fairholme/2026Q1.csv,587f87c82975a310886f42f1bf6dcefe1d6e25fc2d1306ca3f5c4d48b03d9e8e
data/holdings/fairholme/2026Q2.csv,409e4628f06451e11bf9c1cf9a80b16bd69b627e6f97446d52a8151a361c4c0c
data/holdings/filer_status.csv,dc53b43b27b0b6aa349ace4e1cfe97bd19c70a96ea5d04961b611837986a841e
data/holdings/fundsmith/2024Q2.csv,3015bab93ab30214ba2d149b7b1358893dcd98dfa247e571f2018f1b96899bac
data/holdings/fundsmith/2024Q3.csv,02855e0b36b3d559b45e342119deaa77ab225f2ecd3fca10c3f5a408d2d269ba
data/holdings/fundsmith/2024Q4.csv,00ad8abe8cce897f9bd491985a48a91c6fef85defc423e12fc3e881e0e47c529
data/holdings/fundsmith/2025Q1.csv,4ad833998b28cd2af9e85e31eb491d053d6c6af23614cf1e17264fd3ef6008e8
data/holdings/fundsmith/2025Q2.csv,065bb2d3fb06b3edcec7bcdf739ff49d2aeb95e94ae34df853bf749198f1e0cb
data/holdings/fundsmith/2025Q3.csv,59393c77c71ba4e2a148c037644e7d2841b41b24c6e9e77ce3214ee78062fd23
data/holdings/fundsmith/2025Q4.csv,6ca22ec6e096722316f27596e0beb5cc7dbf860c86662fede1a6c9c963abf873
data/holdings/fundsmith/2026Q1.csv,5edfa2a71cc0a1594d28b8960af4c58ba14ce7116c15ec55f99c3dbeba9ad65a
data/holdings/fundsmith/2026Q2.csv,48e2f62ecf33023152e1b2d75dca613d6015e36d3168144546f885dc71dc556b
data/holdings/giverny/2024Q2.csv,0918f00e9a0353a975c124c5729890288b84e6a77d75367dd4284c8d2bf24ec3
data/holdings/giverny/2024Q3.csv,3ba56d61d86da93e4c019786d815f5ccc7349032679a6fe46e4e7f0282eeafb7
data/holdings/giverny/2024Q4.csv,083604670d42d36f0846e30816806796225b3efe79e25ef8d76c770efd631c3e
data/holdings/giverny/2025Q1.csv,a3e3b90cea7b813c216b7de7c024ef6a1d6468975062f560a8058ad8259621e6
data/holdings/giverny/2025Q2.csv,9747ddd3fc5d88ec12e0c6ed7c9d018fbfbe7a959efa91216e6c6d3e9671b87b
data/holdings/giverny/2025Q3.csv,46607fefa0a6f1a665fe54ebab6370bc0c07956ef85bb316bcc3c53c4243cffd
data/holdings/giverny/2025Q4.csv,d2cb41d0bd0e9416bd4c390412e127321d6d1abce4257c00a9085335bbb4a697
data/holdings/giverny/2026Q1.csv,8e61675c6892e193f8674a2e7fd4715ad07595a9d7f330ca87039c38e702b7d6
data/holdings/giverny/2026Q2.csv,83c52087e7e01ab0368b556a69025255a8cd2ef2f92f037b7035a9e806a46b2a
data/holdings/greenlight/2024Q2.csv,175259beceb0359519904b188259ba84fbcd5878700ca7e5f103d7462cddfe5c
data/holdings/greenlight/2024Q3.csv,41d198558ad18f8cc7c94dabdeadd9c9eec4bd438161f712bd18de8c917cdde4
data/holdings/greenlight/2024Q4.csv,382bcaa8295d6ed10d261ae18fbbc38c68269eeb38cf790e5f6f44f7861a52f7
data/holdings/greenlight/2025Q1.csv,db6ff1537d036b6b56af357c3cddb4d5c85d6deaa8e0642bcf2b62a6413dfa63
data/holdings/greenlight/2025Q2.csv,657f60fe23a9ef0e7a40e34132fe73cda308f23627c5ed70e789a01294902b25
data/holdings/greenlight/2025Q3.csv,10d76ffb0fb868793502178d6109f6b57707df6024f7dde7175b39ba684d12c0
data/holdings/greenlight/2025Q4.csv,0c0b5dc9d1942225599be1911512aef182d34a5b30defa52e36bc7113831b030
data/holdings/greenlight/2026Q1.csv,3b877dddcddf3c6628fd3286abc58ebc1cf7cba59fce54142a458e5236c30123
data/holdings/greenlight/2026Q2.csv,653f3ce949f432415c7fad727381510a02d6f7b4341b395a228f49f7b9ad98cd
data/holdings/icahn/2024Q2.csv,2ff2b4f7e535dbac37cbe753bf0135682c58f423e9fdb6cc8b1aee890ccecf63
data/holdings/icahn/2024Q3.csv,3a0d801a02f64dc8de46c80dfce0c8db716b0afd2c2fc092630e0eadeb6cc24b
data/holdings/icahn/2024Q4.csv,4b828ecabda571a3a1037acf8ea3c1088d55ddb8d0f06facffb5f3757172c238
data/holdings/icahn/2025Q1.csv,fc98864f8a7b74e0065913974b2273bf68a8f2b58deb9491487d233c0b3d8b73
data/holdings/icahn/2025Q2.csv,e7649fddea61f510796fa6887fee770813e18acfd9971055b44785d5b6a2b1c1
data/holdings/icahn/2025Q3.csv,8384839abeb943a26eeef77d2791930e7c91dc10fd49a8506617a8bb5e3aad60
data/holdings/icahn/2025Q4.csv,ae1b7b9e14c0a89f25feea252b01124820ef51eea110866bda97349ead87fcc3
data/holdings/icahn/2026Q1.csv,c1dd1c6a58ed8e119ddf2b987976e6c78f44181ab1f7bfa700fcbef02c1aa530
data/holdings/icahn/2026Q2.csv,77e19794c7abfd6090ac777a90d0e0b184739d2b083c32fd18c3a8659b29f38b
data/holdings/leon-cooperman/2024Q2.csv,deffcc8f94324c835f3ba392a9137a151e91cdd3b87baf019fa32048929010a1
data/holdings/leon-cooperman/2024Q3.csv,37c5a1fdabacece4d1c506caaecd63a9807b1a2aa074672758c068c8c298d941
data/holdings/leon-cooperman/2024Q4.csv,6a7b6f418af93c6212f676dbe8c54c7133c8f91f726b7482cbcb7918e3d4b95b
data/holdings/leon-cooperman/2025Q1.csv,e61229e4f961e12cf7eef67b13abf815923c778c8c36a51d9c5f4f1730b8892b
data/holdings/leon-cooperman/2025Q2.csv,d555989a946845fb694f52d27c1bb592375514f9c0c6cf9d0aaa4332a9faea26
data/holdings/leon-cooperman/2025Q3.csv,b4c0282909f5a4cf4cc1746c9168eac20afa21b9e97c2c28116adad824ec805e
data/holdings/leon-cooperman/2025Q4.csv,8ebc660cd0703f6e1122d035573009f1c6040426b1138efab825a361e6069fb1
data/holdings/leon-cooperman/2026Q1.csv,f5b0ea6f296f0edb7588eecc9f9d2bd7b77e7149e58b80f8a1c12b10b646fffc
data/holdings/leon-cooperman/2026Q2.csv,895422105fbbafff672a703f96f373fc5f36ac2b213454780904ddcae5c83859
data/holdings/lindsell-train/2024Q2.csv,45f76faeee795dafacf2ea971348c0e9607da7151133160432834f59ffbc152f
data/holdings/lindsell-train/2024Q3.csv,a9aecf3811c7589860bd3fc8260cb2b05420dc5677e92578b88389cd3ada2644
data/holdings/lindsell-train/2024Q4.csv,ae6f00e7efe190e1f3f41f8852d5dda5e2ad14222ad37501978136b17a0c070d
data/holdings/lindsell-train/2025Q1.csv,fb928feab21ccf930a227d4dfb78706a48988d884dbd6c65a1a4e25e3f6f8269
data/holdings/lindsell-train/2025Q2.csv,58a8daf35334cf7bfbec30cc736b750023dfdcae5aaffbfdf5ccf0c2bed2ee30
data/holdings/lindsell-train/2025Q3.csv,3e10379490ef24da744546e8458bd88f8872442b820b1f842c0bcbeefc9d994e
data/holdings/lindsell-train/2025Q4.csv,58d6d4ae967a8feaa19918f359152c089bc8b7f9bad0808bcaada3c9a21e24b5
data/holdings/lindsell-train/2026Q1.csv,7501bf3bab12296245092fccb49e0a2d340afb6c2f63e7c0a67e0141c3c5e1b1
data/holdings/lindsell-train/2026Q2.csv,6662af8b9396e6c1148509e15d743f19b0616b7d8b9f4861c7c4fdabce104418
data/holdings/lone-pine/2024Q2.csv,7e3f9870c491de9e35999013eaae31f91803b3ab4459e368460bcd6d019a94bd
data/holdings/lone-pine/2024Q3.csv,66c65f1c23ad3ae3bdcf147a16dd24199eb3d4d00ac9473544c070eea0c4391d
data/holdings/lone-pine/2024Q4.csv,98de2fb8c56440c33b3c2408d1c461cbbf01f5c1f28db3f40b1562a46e76a29e
data/holdings/lone-pine/2025Q1.csv,897cd3721175392a3831eeb513ceb4cb91c1d4fef4d2f03c1c59a3787fcc0c3a
data/holdings/lone-pine/2025Q2.csv,505a20e16a9958b10cfa5dc97cd8b94c3ba66bdd7d482a615c27f260a1dc3e76
data/holdings/lone-pine/2025Q3.csv,073792fac291a3403439d64ebbf9325ee56b7763ae30293061d00b91b20463d1
data/holdings/lone-pine/2025Q4.csv,87df7592bb006de751a5d7a3a614678bcbcb199aa90063ded7b40cbb84343232
data/holdings/lone-pine/2026Q1.csv,7633a1550ee9983f29e0456fe5873f610462ac237ab981c0147d974b14e9a6bf
data/holdings/lone-pine/2026Q2.csv,06b3fc886196e9a871a9a91cdf4085ead4b3438d9a04b85b3f5931770bcd4117
data/holdings/maverick-capital/2024Q2.csv,f718bfe3220ce48be993d2808d8c7822008e1f5aa7f99a22276bc27416f4cbe1
data/holdings/maverick-capital/2024Q3.csv,4fc6a9520c383f2c40bd430a7b526aa7556474d73338546cb3efd5402fbfa339
data/holdings/maverick-capital/2024Q4.csv,4a17f056f6bd5ea42ad9b6b7b3fa3c7a2bf08fc100a7213515f64fffd462b564
data/holdings/maverick-capital/2025Q1.csv,062a55a132c4f051ea4169661c0fe01102fb70d5abefcb31218d129f5404369c
data/holdings/maverick-capital/2025Q2.csv,9753757f39b51418d9016a9c88438778a40fb6f4bed21795c5efc2219af53ca8
data/holdings/maverick-capital/2025Q3.csv,5b8c837cc1b34a5ebff1a21a02af1d76fcbb6dff4faa5bb8cfd71cabf42f9f1b
data/holdings/maverick-capital/2025Q4.csv,6547ac895214f4d2169579efe809fb823072260487c1f367849b94fe8272917b
data/holdings/maverick-capital/2026Q1.csv,1c51884657756666c7f1602e9a78a949b587c5b5331a29f1ab029db7e1cd767b
data/holdings/maverick-capital/2026Q2.csv,84867f06a4e4f820062875c3686703e9f025266a69faf6ff1de528c8ae710b05
data/holdings/pershing-square/2024Q2.csv,286403104355e6a8a004054c9e896da08d5cc76c00f50c73f8b2ddc8b3afa547
data/holdings/pershing-square/2024Q3.csv,b7297076deb19bcb53ab8caeae96feab2705b7eae6b8b9fcc4efab5786573462
data/holdings/pershing-square/2024Q4.csv,4303b95060e6de20060689d01895dcd31843bbb8d9afc4e61b7284ae1faf0e8b
data/holdings/pershing-square/2025Q1.csv,45a575279b78acd970f018ce761043c903c482a218413db17787870e1bb05be5
data/holdings/pershing-square/2025Q2.csv,d5d295e9a8699525aa1a75498d53b7a43988cf6a5be5ca88823ef0225b2a0645
data/holdings/pershing-square/2025Q3.csv,024c1b3cb70a5ea172e644f26bbbb52b94326e81842181ba5b2ee77133ff4e0f
data/holdings/pershing-square/2025Q4.csv,53558b6fc6ec794ee0bf55b8263fe3d020e2b074180f39debee710a4b1f43db5
data/holdings/pershing-square/2026Q1.csv,1f59cb0a7bea80f2c45e09e95895839f4591a9b90d90ede4deda2c3ef1fe81d0
data/holdings/pershing-square/2026Q2.csv,7293231ba7a82608abb0c860450348134ddb15d15a67bd9aa096ba46e01bd42f
data/holdings/situational-awareness/2024Q4.csv,7959e266a2f791f2dc9e0b9b706664716f25a6aec1836964c273a3d4b6bc0633
data/holdings/situational-awareness/2025Q1.csv,e7033d93b805ee46eadd26494e8c54be52b5857289235a8e9a5b58af6cf0c323
data/holdings/situational-awareness/2025Q2.csv,1183a1ad0aa051c7134975489dfe0e6d58a5faa7203d4684708b7b9a5d7c8638
data/holdings/situational-awareness/2025Q3.csv,9b6c8269c86681cf36076486b352a7812d064345bcb4daff911bdf4b90f207cd
data/holdings/situational-awareness/2025Q4.csv,dddff42565bbdfb7493e86f4d21a1f5c6a8f848a66f22044f174108b8a4da514
data/holdings/situational-awareness/2026Q1.csv,48b0b64dccbfa0eaa264008a7d5a14d2a332e4e44f59461d6d7c76488113c3af
data/holdings/situational-awareness/2026Q2.csv,034df8f977540de0b0f9df0466030f1f09392ac8c1de7b18d0f3ef1e9c0b58c3
data/holdings/tci/2024Q2.csv,2a62c5a5a48c7a89ba847feb1df550dcee4dfd4f8dc6d02ed80794154e457e07
data/holdings/tci/2024Q3.csv,11d845dd42d6747428fd4891027bdc3d5e71b4822d321b391a92b6d4f34c15bf
data/holdings/tci/2024Q4.csv,9f93a3c06b16cb4d49817f9b5c5e1b7b2bc7a5365088c89e37de3c857c73996b
data/holdings/tci/2025Q1.csv,086d85fca3365788c15b86c0ce9391237329a2747fb6ca571e25e4c14aa46f14
data/holdings/tci/2025Q2.csv,e06343abcd807acee4f4f00ba1d8af40aa2686f9d35846fc36baf3e8cec186f2
data/holdings/tci/2025Q3.csv,6d42fda395bfa12330946a47736d82f58274759a3999e4ac586b9d18c6170ae7
data/holdings/tci/2025Q4.csv,6859615e1387993b5f7e03d4bb6065f7fc365982bb38ab0c74292f505522bb05
data/holdings/tci/2026Q1.csv,cedd7c414972b99fb13270cf283779117ed2e40f4746a1dc048ebfb479d0e34c
data/holdings/tci/2026Q2.csv,0c57155313a9d3f0d3b1a52ead46b35dd38ef9eb16b50028f7be9b39339bad97
data/holdings/third-point/2024Q2.csv,1c39a68911dfb3f2953d56a460309cc1694923f75f820be23a8786f6bdcaadae
data/holdings/third-point/2024Q3.csv,e31baefa17ed3e3ac32622490f8c707ea028ce12ae07c156fdf75d1d342584f3
data/holdings/third-point/2024Q4.csv,1b859f3bb347575b66384ddc98a48605d1bdc00c5ec7b383f31dbe3c12736b1b
data/holdings/third-point/2025Q1.csv,7cad47f654e472d14df94cef19265b81cf2a9ebdef4647c5566bd12db1385cff
data/holdings/third-point/2025Q2.csv,dc29b7336469eabc5cef53f5e714d1de08adab550e64aa595c2f2f3d946dfc61
data/holdings/third-point/2025Q3.csv,a0e9bfe64d50cb4ff0388246cc0e3ec2120e5fb34b357bd9a0c8d6f66e5870d2
data/holdings/third-point/2025Q4.csv,b93db00477f4f53b144ff87cbfbaf133955ca04e54cc2e7f2bcfc43f59af1d4f
data/holdings/third-point/2026Q1.csv,00e658b82801bff9d7c05240e6b3f3bb2704c01b5ab8e1f8a1ef588740e4474e
data/holdings/third-point/2026Q2.csv,96689c037c2a84887a25e98fe6f6913e138674b33aecdb871a5a58c9d6e7df91
data/holdings/tiger-global/2024Q2.csv,a57307502be64fa58148f3407584c24911d3e280fac2edb202b5385422e7efab
data/holdings/tiger-global/2024Q3.csv,00ded96042286e1e5e3ae38f116de51a433c4ff179ab54e42172336412c8a4f3
data/holdings/tiger-global/2024Q4.csv,f98641639050df8ee131f254c6975e4d6186211e255166e5f82cfd3eac4f5583
data/holdings/tiger-global/2025Q1.csv,482020161d70aa80adde89f6e1d6e9fcfdfbe23edbfb48da7d9af307f0e655ca
data/holdings/tiger-global/2025Q2.csv,44ca15068dafdc8520acb8a2d5f754066befd011ec2d003b9137f320c67411b9
data/holdings/tiger-global/2025Q3.csv,66fbb56d87c9d84d2026c178f6ec4e51efd2cad62d997b2f12edd7f565256ac0
data/holdings/tiger-global/2025Q4.csv,d7eb66047a13297cdd7e8fadb249d69574bd8c270c4765a956ae30e9c007fbff
data/holdings/tiger-global/2026Q1.csv,8795883fbb12294c67e3f4d2722e68f683d54d7c55aa22ddb69837547807ff83
data/holdings/tiger-global/2026Q2.csv,3e01c5749367eb81532cf7ff110c7269a6d21cd7a6703bd358274e00c8052a3a
data/holdings/viking-global/2024Q2.csv,a1996c6785665e34df19ba39a16355d32a4d7ae2e0bff465d74c5e8346a49a8d
data/holdings/viking-global/2024Q3.csv,f81ea59dd884da58a9ea1d6977dce308d7a6b2af2c4608d7f568ca8ead64ff45
data/holdings/viking-global/2024Q4.csv,f9448c9d5eadad13f9b3b77f7a23ec4f09ff4a271773bc0f86d3a414c404d972
data/holdings/viking-global/2025Q1.csv,656eb5b52bd83d2817d2fb9dbd3e245850d7bfa8bd263309a56a4fd98ace5589
data/holdings/viking-global/2025Q2.csv,ac33c7ea0028b34e4b89344aebd27fd84b36282a64c5892ebe9b06a303b018b6
data/holdings/viking-global/2025Q3.csv,c65eb32d7c1e49f09a383d19ebea05749fee338fba90298eebdd576ed46ecf10
data/holdings/viking-global/2025Q4.csv,a0db6e9753fb27fcd8f247a6c4f9ba92732dcceb5af7b035e77a10495c58aea7
data/holdings/viking-global/2026Q1.csv,4fb6bc71780576b6c904c5222421b3d90576b2fd2c0e03cb5cdbe42399e6e70b
data/holdings/viking-global/2026Q2.csv,0c8db4db044602b435bfc12d8e98f3d47f8c626914089ee859ec112734793a3f
data/out/changes/altimeter/2024Q3.csv,c6db2b33e90cf91223e7d34a438ee6fc7d415ecd81bc082c2ac88bcd62d4190e
data/out/changes/altimeter/2024Q4.csv,a7526aebb38fc90eaf0d8153a7a0fee135adfe20dac72f1c868801ce249df3b8
data/out/changes/altimeter/2025Q1.csv,dfba1f65652ce36175398a3ec554e0547c5668aee7b8738e09d15aa5dfe4f4be
data/out/changes/altimeter/2025Q2.csv,7d7dbdf42b91430ce069179d9d1498c056136ded09370fd438150005b629744a
data/out/changes/altimeter/2025Q3.csv,d9844876ab2e699752a2b412a15ad091abe16b1a1456dcd01698566e48349ffd
data/out/changes/altimeter/2025Q4.csv,99e9bc32e9e8ed967676b548c6bc508c0b8846877cc2929f5e22b212d3346f34
data/out/changes/altimeter/2026Q1.csv,642f72e021d0a45a5db2d8c7ccb86540fddf0ad75707fba0855e5afbad8ff7c0
data/out/changes/altimeter/2026Q2.csv,5273da83ad3d98766cfefc17be2dd6c0c08a1cc26fc97aac95b86b90135946d9
data/out/changes/appaloosa/2024Q3.csv,62b31a3ff61b8dcb3e4e89c9b1d1aafdd05601a8e92a48462818a92cd195892c
data/out/changes/appaloosa/2024Q4.csv,0d7f14adddd5d4cd9741ac89f5aadc0876fef2a9c87e27a0a874e431a355a290
data/out/changes/appaloosa/2025Q1.csv,6485564db8b2f5b3518a338bd1c826dbe5f3969a6f790dd9ed41f816fecea10f
data/out/changes/appaloosa/2025Q2.csv,52eb2fb71519003791618e57458e8175be3cff8a5c0803d8a875327a975ee213
data/out/changes/appaloosa/2025Q3.csv,43f23564b455adfc953777fa6b92d8e3bd6a84f1d106680ddb3a8dd96f1a8f2c
data/out/changes/appaloosa/2025Q4.csv,b56ec0f5e1c237be482eb0700acd961f70b270ad7197ab2408f2d995204b5792
data/out/changes/appaloosa/2026Q1.csv,2bbe992fda4ff6d16e09e0eb4be597024f5b6e8d1a94a3812b1fe3e62eae4c17
data/out/changes/appaloosa/2026Q2.csv,49042350b3c1e667805dc62d126f5245590656a59210373ab6e62d9972abae03
data/out/changes/atreides/2024Q3.csv,a5e14fdd21ebc6c438ffd9af5df801a76e08acc052d201119d34f6adf0cc4d09
data/out/changes/atreides/2024Q4.csv,e2d05753a8bae0f0eb7f10c9a6f54a50776216840a8ae0aeab47f34717d70892
data/out/changes/atreides/2025Q1.csv,cfadb8267d078a385189ccaf2181e4b927341db892391fc3dac88d7132973fa3
data/out/changes/atreides/2025Q2.csv,7c253c98e1e9109bb2b32f74aadfb44b968f6ec6d0f8bf72075e75401456ce6b
data/out/changes/atreides/2025Q3.csv,e5e48525766f64b0106f5a1527df806a6814f295c9dbaef2cebc81670ae965cc
data/out/changes/atreides/2025Q4.csv,6c70d35dac3b538c79aa54c3e0b0bfa03d9b1f890852c8f1eec887b1cdfa1bbe
data/out/changes/atreides/2026Q1.csv,f645e3abcc3799e1123aed577dc5139550c9a0eef814ac8370f5a1098fcf251f
data/out/changes/atreides/2026Q2.csv,e7169e207742b3fe89540785eb607205c40039e7f78c0e1540f39c1a41c96b47
data/out/changes/berkshire-hathaway/2024Q3.csv,f4f40d0e96858f437e3ab1d57d566d93bcf6da0a217201ad93c5d762a4859ba9
data/out/changes/berkshire-hathaway/2024Q4.csv,a787943235c7d1f0b5c686ba257c9da0c58f21e37f3b233116c6d292a2b531e0
data/out/changes/berkshire-hathaway/2025Q1.csv,e4ff40ce9adf7a6610c25e7cf57319f1d39b889046eac735e984c236ccf09e3a
data/out/changes/berkshire-hathaway/2025Q2.csv,9727ffa3e53acc533f043af3bf23d70ee050fa23cb2f50c0082230555de9d4f8
data/out/changes/berkshire-hathaway/2025Q3.csv,982ecdc86a66b37283deea877e6a56ab9f50b23e91aa74d5a5b17cf77f698ad4
data/out/changes/berkshire-hathaway/2025Q4.csv,b3a5985fa968fb74dd500506743ece6676889b26d99931fd41ee057fff48d18e
data/out/changes/berkshire-hathaway/2026Q1.csv,927aac761389eb8ebfb9e762feffbf6e5704c61987e106c58ff55849d211b89a
data/out/changes/berkshire-hathaway/2026Q2.csv,a4dd1906c407ff52dd3e01f961aa6dc6f28babc945d60e3e66c348bf6da33867
data/out/changes/coatue/2024Q3.csv,36adbde681fa8a722fae881b7f4fb722597f161ef5477372f1478c2b665e31d4
data/out/changes/coatue/2024Q4.csv,085e6e1eecc859560aa1d7959558cdb936e2d9f358576ea4a2ed80b34a6d90ab
data/out/changes/coatue/2025Q1.csv,7dfb266e7f097896a9ce197f28d4cd4ef58378f58f9053e4ac2d97b6f8a21209
data/out/changes/coatue/2025Q2.csv,5d3c8007281b841282a036390519b4252f47af56bf79594d9aec718242170db6
data/out/changes/coatue/2025Q3.csv,6ae1a35b127a4af22339f614c0289a90a98e30da14b68e1f89ff2d1569c38731
data/out/changes/coatue/2025Q4.csv,ff3b0e448cf5d59b1a851568bc02d59c28c4e380321588f13a2e981a5fc78377
data/out/changes/coatue/2026Q1.csv,1cf9b475cde524bce738a4c8ccdf43dca7e27ddac127248e3e1b9e44a8f06d5f
data/out/changes/coatue/2026Q2.csv,c13c4778708ba5870e1effb3dffb76d4840033dc94646574c3293465f000f8d4
data/out/changes/fairholme/2024Q3.csv,3689bb03100096fcfb2515df1bb3e0f0beb62e9fc363a95ed0adcc4f2ccc6c64
data/out/changes/fairholme/2024Q4.csv,47c9050a1bfe00f8ba5cc0d8bb3a6c7c481b833c7ee160ca2f54c61fec6561bd
data/out/changes/fairholme/2025Q1.csv,ecd4076fd40ebea3cc036a59adf46fb82d0a68b9297b7ddd5e0168bc84541a97
data/out/changes/fairholme/2025Q2.csv,d8e7a9ed14b27e3fea3089e3195bacb5f91f182f2881715bd2e2011161828a1e
data/out/changes/fairholme/2025Q3.csv,c584cfe5a02f4ff620ee2529366a0ae1ddf062c9164fdbca64091007c75c00c3
data/out/changes/fairholme/2025Q4.csv,4da8d83754c2076af5895fb99134d76ee8831ba5793d8ee9173a5af50cdb9298
data/out/changes/fairholme/2026Q1.csv,bd85caea55ce615c389a4966509f81721e127bf092b33b9b957cb386d1f6ee16
data/out/changes/fairholme/2026Q2.csv,46b11cb600e55356c427923a8487d881810a6f20680769563139c7fd915ce5e5
data/out/changes/fundsmith/2024Q3.csv,2428ea6d8cd3d80cc1297aac05deba49a2f55a0738a8da91d950f7f4a94400f6
data/out/changes/fundsmith/2024Q4.csv,def8c12215d715790ed45a9105e6ecb7ec9f342cd8b9a8a94d56514af76f89da
data/out/changes/fundsmith/2025Q1.csv,4aa813157f75b9c53e3e1d9a22f0665c6ca1643109526c65c3f65fc4ebdf39a0
data/out/changes/fundsmith/2025Q2.csv,a7f9372e3182be5a1951aafc54b1c138c44bc7a110df70ce8dfbf8ccb1db5ed6
data/out/changes/fundsmith/2025Q3.csv,29b9249a2c6281546f86f4c1314bb767055b5a4afddcd4dc1c1ddedf2ae4e7a6
data/out/changes/fundsmith/2025Q4.csv,8b971777caa8ab901fba79af091cf629c730f63cafe67451cc8e2e73c0408346
data/out/changes/fundsmith/2026Q1.csv,9ddf3ac1a0f3425e40c0b058e9de66e19ae2c4a92d0ab590aabb2ef61811956e
data/out/changes/fundsmith/2026Q2.csv,5ed63653ff0e074cce7f092d5f5372499d66f913e8d749c393cd277b132b9c21
data/out/changes/giverny/2024Q3.csv,46d7e42439a1a46147a4b77cd2be8970aac06c5f39cd63633820e40c30885708
data/out/changes/giverny/2024Q4.csv,34cb23222f1ffe4e6ad240fc12004cd6adf650e2c7ea049bbc5b07065789a8b0
data/out/changes/giverny/2025Q1.csv,f7dc78cd050b24a605d43bc26ae2f3ecab2d5dc7102e0749f4fb83f03b212b0a
data/out/changes/giverny/2025Q2.csv,3e108248974e05251002eb34105c679d9fea165132b4edce93ae82845548a822
data/out/changes/giverny/2025Q3.csv,e0abcbfaa277da29c702b604ecbb37fc04f218650fcda39af29c4a52c8b1e6c6
data/out/changes/giverny/2025Q4.csv,a7924e7ded3b0b66145570013cec24881290b6003917fab3d49c7e8ce328d288
data/out/changes/giverny/2026Q1.csv,213d1b7b8179e5ed9e69ad7c0038b465494f65e599eb5bffac2bb9d0f7b6a8ff
data/out/changes/giverny/2026Q2.csv,d9c2c8d98c80d7fd94a5e8b93054cd86e9c1536330d69f053ce3ae66c7045b88
data/out/changes/greenlight/2024Q3.csv,910acf47c4926c55c853d0f73c6e8259686f68f2448e41e6ea19d15af3fa5817
data/out/changes/greenlight/2024Q4.csv,19f39196b484a2d5bfae259ae880b94abacb92db91e22c1d36d7f428460dd83f
data/out/changes/greenlight/2025Q1.csv,9a46688c60bbce8160cb2da985c3e083879e37f6d86b0fed3093f9763bb4fab3
data/out/changes/greenlight/2025Q2.csv,067c889a034024f237b921c1680b373bae48a81cb660f344a237353b46d44ad5
data/out/changes/greenlight/2025Q3.csv,44892bf627e0f63ff3adae55533319b2fd73f6c6709f880afdd33254669776e7
data/out/changes/greenlight/2025Q4.csv,d49c18f44d854cb326b133ad1e418421aa656a779f3f3b1cffea026fff1cf584
data/out/changes/greenlight/2026Q1.csv,4b5a0a24e94236dd9bcf363f01f3a56d9c47c051b6b758cc83b74f69a865b7a6
data/out/changes/greenlight/2026Q2.csv,63cb1667cbe9e2f10ba947b2747b203d8099a1f8d94841b782b954d95a139534
data/out/changes/icahn/2024Q3.csv,ea9afac221f43b7d9375b08d4897a13830f20072b6bfa6745dc99c71f09c7100
data/out/changes/icahn/2024Q4.csv,b9c4a851b4f60906de42335c25a586318e7709cf86334a937218f0b0e8122139
data/out/changes/icahn/2025Q1.csv,f1324583d19bd34ba3d6dee31fdc869b33580fa98245be0248a8692f4574917d
data/out/changes/icahn/2025Q2.csv,5edef6a1056de1c2b088c36e38a89c25961ab2978b5f3304bf3d3b51ac16129c
data/out/changes/icahn/2025Q3.csv,5db7ded1a3127b85bdbcc9b56017540f39be3174e3aa562a8c19fd70790de980
data/out/changes/icahn/2025Q4.csv,57c4ed3fe0d3aa604c352fb2cb8d5b56bae0904f9d5e26c350f1c499f8d6992f
data/out/changes/icahn/2026Q1.csv,d46e49624cf8dc7e0e872665ae8e99ebeea92a2f8d8d80890cd5171b0b3fd99d
data/out/changes/icahn/2026Q2.csv,df3188520bb29dbe1a9ba99d5b102bc478840827a2c2717f701571a93579779e
data/out/changes/leon-cooperman/2024Q3.csv,2e860a6351637e030b3055d22f2e526243731695e82e53b7ad9f534c964624fe
data/out/changes/leon-cooperman/2024Q4.csv,e8b584920035a16d961edb21e77a22b739403e3a84426fa039cb1adfcde8f8a4
data/out/changes/leon-cooperman/2025Q1.csv,502013a28218cd813a39fbbdf2bba9bd3b6fe1a21c59337e2b1185bcddf699e0
data/out/changes/leon-cooperman/2025Q2.csv,db3654061cc4a21ec61e8d6cdc0d6918169c3881cfdb63fbac1b9d61f647c367
data/out/changes/leon-cooperman/2025Q3.csv,d011c3710c9da8a5b0d436ca9e8d764189c57ca8c68de89d4464b38ca5b36a53
data/out/changes/leon-cooperman/2025Q4.csv,04701bff464e13d262d34c5134ca53b44aa185574a403014d05c74a9914aff16
data/out/changes/leon-cooperman/2026Q1.csv,5a5e09434896a56d33528ca13f1c3172b59cfaec14219efef927b96b0a28cee1
data/out/changes/leon-cooperman/2026Q2.csv,299d32b4735c8b0c3f979e141ac57503bcef457ee5014d06488536f00d0dd1b8
data/out/changes/lindsell-train/2024Q3.csv,c3d964c570f53cef46c96512e3c242dab42a87a8a2b8156b8db4de396c556e5d
data/out/changes/lindsell-train/2024Q4.csv,249132a52165745f596076b716aa92ef68f38483936d62b73bccdcde77321a6f
data/out/changes/lindsell-train/2025Q1.csv,ae152617d5fbc0524c471d921d8a22bbb929cb9ac5f843f4068fbcd44644550c
data/out/changes/lindsell-train/2025Q2.csv,adf70dbf9c99b29d98713342786cb259a8cd0c918d11c6dd157bac2fac1342b8
data/out/changes/lindsell-train/2025Q3.csv,137978d0e3277f1e8ffb80ec1f9bf62b7a11cc4d276b63407ef30b6dcc9a5c14
data/out/changes/lindsell-train/2025Q4.csv,774e8a637a5db20419aa891b0e29120a2773c40fc26822c84452a446754aebf7
data/out/changes/lindsell-train/2026Q1.csv,45555209dccbeb28fb6b391906ce491bdf847166fbbcaae1dd32214f7b4a6dce
data/out/changes/lindsell-train/2026Q2.csv,666914cb428559e8eb91ab6a64e54ceb00970b779f375cb4bd69855ea9742b06
data/out/changes/lone-pine/2024Q3.csv,e8afc4f1412139778df554e343a1045113b431a0f1e413c313ae21f2784afc0d
data/out/changes/lone-pine/2024Q4.csv,5bee8db68733f70cbe7e522ac5a2e330d81a9af0cdbecbae5123e6de6c978cdc
data/out/changes/lone-pine/2025Q1.csv,dd1d5cc20cafa9ebaa6b5ff3e1b548d9b4819f4f5d7c323dbd1a6974aaf8662b
data/out/changes/lone-pine/2025Q2.csv,e99bf999a51bed89d7a603d36549f5a56cc6f3a5287e14452f20f47113c5277b
data/out/changes/lone-pine/2025Q3.csv,71ccc4b6da07ea44de52be65f6061950f42ca33f48ac8f68ee1ab3f723d1741d
data/out/changes/lone-pine/2025Q4.csv,da8ea5b75342ce59a5d9c80657e61e3e534793db5f6989a3f18fe082408a4c08
data/out/changes/lone-pine/2026Q1.csv,66601fbabf149d8d80b2f4d3db09c076aeaaad0f55a218b3e99480b3ca7bebf3
data/out/changes/lone-pine/2026Q2.csv,631b92e76daa907d3bb32b738ff3a1673fa5c4f13dc587ec7132874dbe17089e
data/out/changes/maverick-capital/2024Q3.csv,5315506a8a18a99e9067efb90a51afafd3b29d72863f1d107928bc064a07d553
data/out/changes/maverick-capital/2024Q4.csv,ea0a8b39b9b4cfc5c8ad10dc25bef446c604d1288784c27a49fca55013ab2048
data/out/changes/maverick-capital/2025Q1.csv,d6903a5f01aacbaaa05a446e83b7ec6be281f67c082333ade9e9ca14010d7523
data/out/changes/maverick-capital/2025Q2.csv,d2e82b9bdbcdcaaa08ba84a06310ab438593781c471c9946f39d8886ccb1ea42
data/out/changes/maverick-capital/2025Q3.csv,3a2c2d7b32785657adb57428fac1b06394163962a213990699a7f0f308811c72
data/out/changes/maverick-capital/2025Q4.csv,cd7579a36ad6d384b6a0dab8d8374215b822d4ad91c1266c1979901007aeb4ee
data/out/changes/maverick-capital/2026Q1.csv,5ea2185158128eef26aa6b190cd320c0a8427f17a8857efd96f330c7da02af33
data/out/changes/maverick-capital/2026Q2.csv,6e8d7887d70fe5e9758aa73b0647299dd5a0f9c30f4916b530daf36a3ca48c7f
data/out/changes/pershing-square/2024Q3.csv,ef3556e6cc8269df1ad322731b728a5579c54a89cf5ae298b3331c3e520647f3
data/out/changes/pershing-square/2024Q4.csv,ced1daf1547997eb0a6798607a1cb19ee7aa4bd5cf9e72260e74917de347d880
data/out/changes/pershing-square/2025Q1.csv,9f1190a0033ebbf4ac2f698bc766e25a5cfa55d134170d3f6e10bd0b8f47de17
data/out/changes/pershing-square/2025Q2.csv,943f666d2db57c0b68eef57c6a2ee0a37508b2513e0d89e96f316673cd4786ee
data/out/changes/pershing-square/2025Q3.csv,dda00eed701e605c21ca3c06fae05dda12bf200b64993e22655c8a5d29e05405
data/out/changes/pershing-square/2025Q4.csv,b6742f92a14fc7872d8b687c7660d0139db045fe5b0b05b5be317127013cd58a
data/out/changes/pershing-square/2026Q1.csv,fa2cfd9ec0d9e34417626cb36376d105b237a2497875b157c6c9fa87618376a3
data/out/changes/pershing-square/2026Q2.csv,66213193ff401172d235ba91406e121dee8c6d00002ddaf34554c7bd4a935861
data/out/changes/situational-awareness/2025Q1.csv,1813a5a2897ab2e4f0951062186849ded1ca65e1cf35c18270416c20ab16b341
data/out/changes/situational-awareness/2025Q2.csv,b0b0f9b5a02ad09c20a28075a2e0e03f3eff1059e169abcc6ce38b37e40a75b3
data/out/changes/situational-awareness/2025Q3.csv,186dab0bc6608456339a0acde0e3b58907b3c43c566f3bf1a138777754c2b06a
data/out/changes/situational-awareness/2025Q4.csv,1f0da926096711bf3aa55b93eb92a09c6b3b6e1f556d71bed4b71417185d48f5
data/out/changes/situational-awareness/2026Q1.csv,efa03a47af2a799ef83213c0b964819bb44e424f5b15b4cd00c9f3c70ffb7db5
data/out/changes/situational-awareness/2026Q2.csv,7ec1167ac28223bf919e779c083406d1e8d6e721da92047b9373342ccbd5e5d2
data/out/changes/tci/2024Q3.csv,e21a0138a8f2a68eec295279f62a7a5df24574c0dc73db6543dd1428819820c7
data/out/changes/tci/2024Q4.csv,0f1bd6a61daad020b736e1d07a310db49a412c86f9af32349c6bb25c74f148e2
data/out/changes/tci/2025Q1.csv,9d14506d47331c955ab0629efcf688763ef3fa93b79b90e6da5efc577666069c
data/out/changes/tci/2025Q2.csv,68212931c7152bc95e265406d0a349690c1c97901d8df52904284a2725b6fce9
data/out/changes/tci/2025Q3.csv,092a536d60b22474b1c80de0ede5fd0de55e9c0f61252adad3b1b77f12cbb811
data/out/changes/tci/2025Q4.csv,57128d0b576382a5c4045400e4ed7142f75db6a40cfbe88c681ec352e1dfc800
data/out/changes/tci/2026Q1.csv,78d015654e659308bd407ec54e29fbfc0170f9e20ce447fc14b12918c83aa6cb
data/out/changes/tci/2026Q2.csv,323e47c4ce0bc4efe8961c54665f6da0a0c8479d1fe98e020de25153fa939644
data/out/changes/third-point/2024Q3.csv,3691f663f20695fd468c4048f710b6fb5f00ebffd6529555e0b8ca22bea13b02
data/out/changes/third-point/2024Q4.csv,40d29649493aef47d88e8a75e58b75af4c25857d4be94ef71f02fb281efdea1c
data/out/changes/third-point/2025Q1.csv,a86fc115f0fee7cf2f44ae6d56370fbf19743da18d9d65b0e9fcc1078f79605f
data/out/changes/third-point/2025Q2.csv,94f1514c9e92ba476123f3f0c6b642fcf6e8d8fcc7b31cdd7b7beb10a5434066
data/out/changes/third-point/2025Q3.csv,0d9709b23eb846876563809ddb22a10e6b38a6798054ae597d4ec8ae42e50db9
data/out/changes/third-point/2025Q4.csv,16970b913f3060e94f0e57f5b7e3409ba344a9a861c8cd5ce9db9023304c8b11
data/out/changes/third-point/2026Q1.csv,9183dd7f774a6189331c06c3ad2bb8124b21901f781fd7f0ae85380fdb7c52de
data/out/changes/third-point/2026Q2.csv,bb7224e348db6c0ce6edcfb0332f7206cd9b54cd768c4e18f2ff7a38feaa916a
data/out/changes/tiger-global/2024Q3.csv,69c997ca52c3349819c899ad5ab55cdac4574cafa451b6e9cdeb658980a176ec
data/out/changes/tiger-global/2024Q4.csv,4a7f5df0724268e43dac3e4a388a08d577ab9a504dd856aa88c023ce5344b52a
data/out/changes/tiger-global/2025Q1.csv,c83664bf018364a9dedd1f4aaded2ab805aac97e4948cb186c92ac7bc2c12b00
data/out/changes/tiger-global/2025Q2.csv,4c91fdb6b64c131e3b05867d369f7541058d1436c28ef08c8c3d0a7b05b798ad
data/out/changes/tiger-global/2025Q3.csv,28e0b04e3cdd6d813556cdb3ae5734e527ea4da20f8f40a0bfd3f2383dce7040
data/out/changes/tiger-global/2025Q4.csv,798f469a0dbfb0ea881039e6f0f3446adbb9f45cf8621fbabb6e7e6a4e1fd055
data/out/changes/tiger-global/2026Q1.csv,b3dd609759df854b2ad86b26cef399b71aec01d3e8b2cdeae8a0f73ba3e456cb
data/out/changes/tiger-global/2026Q2.csv,93750eb14215a6e347d76bde168ab8002e397002d93749a3bea245c0106806f1
data/out/changes/viking-global/2024Q3.csv,b2a0927f5012afd26ce63b9c6f1b28d745272e368a44a236f4f688aeae2fc986
data/out/changes/viking-global/2024Q4.csv,c9d5c87f5e196f471975dee9637c2e81a9ae745b3e3342e19d1e3eacc8af7da7
data/out/changes/viking-global/2025Q1.csv,096c15155b24f6d86195204b3a80737393221bcc4f189bb739c4279d03421e01
data/out/changes/viking-global/2025Q2.csv,6d38bcc5494a4145cc745efdd203d0cc1b2d8daa92e892067c29c0e6abb36261
data/out/changes/viking-global/2025Q3.csv,bdd2f79cf913adb5b39daa153c073bcc9be21198139697bd52323e2a4aaa9bc9
data/out/changes/viking-global/2025Q4.csv,c3fbf4de3e02dbb24f5a0a6651342ba9d97d74aba089ee24ec5d0f64cd534c86
data/out/changes/viking-global/2026Q1.csv,eda06fbb5db0a98dd26e97b463f3454e8e8e2fb7f3a1fcfe24080774bf313a57
data/out/changes/viking-global/2026Q2.csv,6b944c1a4667872384ffbc6094343f87461a9d9fa6cb1ada8d3d10a43008ff15
data/out/flags.csv,4155e22200f21fd7dd0490a62c60a53f4313dc93e2dd0ab050efc3fbdf392ad7
data/out/merge_decisions.csv,e244117d74b220871afc7c77f620ec2ee5ac9661ca90d22d761369ab596b0952
data/out/run_status.json,87150fd955c168539a5991bcc56f1f0a428efee39fdbcf73a886fb906267fe92
data/out/validation.csv,a1e7b4f6bbf73b931b7daeb8ecb53da965ce5105d66ea03faefaca3c04149f16
data/out/verification_rowcounts.csv,81588fcd49987349397f1cdb3f799a3c22d52fb96f21827066b42caa4ff7ed21
data/ref/aum.csv,c54270e9502ca5a4207b33ce1217e3a5ddc05a7aec642ad6b168f1c8a810c68d
data/ref/corporate_actions.csv,f4511a7630f82e122878fdb7fb8e03ed53188ae5b01926825dc3b69b15ff7824
data/ref/cusip_ticker.csv,551532a19f823f6ccd64e0bff43937c95960be3af32c639aa65fb7cf62fcbcc6
data/ref/known_exceptions.csv,eff35e2c9f2fb250b65ce602537e3a7d9e796f3b15cb7b4e87aba6941ca25056
data/ref/manager_map.csv,49462bf62b832639836244da56c7be0a08055ad30a2398b2315c0354bcb000a1
data/ref/sector_overrides.csv,97af583f3df396520c1079dd158103eecb748e244572e6f0dcf1af721bdf97b0
data/ref/sectors.csv,e073ea64bd55273d30b8a826f8f3fa18543c1ee9b6e42d0429761713a7bcabd0
data/ref/security_aliases.csv,a4bfb83d89dff5b3ba7902b2c0f2e59a5ed8d89f20a0d38d8d8670fd6c5b2043
data/ref/warning_dispositions.csv,3417430344ef93013b75ea0deabcd9e49e4de42db4e3bb8dbbfd26b48bcf661a
