quarter,manager,filer_cik,filer_name,form,accession,filing_date,report_date,retrieved_date,role,rows_parsed,table_entry_total,rows_match,value_parsed_usd,table_value_total,value_match,exception_id,filing_url
2024Q2,Altimeter,1541617,"Altimeter Capital Management, LP",13F-HR,0001541617-24-000007,2024-08-14,2024-06-30,2026-08-12,BASE_ORIGINAL,20,20,True,6731598776,6731598776,True,,https://www.sec.gov/Archives/edgar/data/1541617/000154161724000007/0001541617-24-000007-index.htm
2024Q2,Appaloosa,1656456,Appaloosa LP,13F-HR,0001656456-24-000003,2024-08-14,2024-06-30,2026-08-12,BASE_ORIGINAL,37,37,True,6175369744,6175369744,True,,https://www.sec.gov/Archives/edgar/data/1656456/000165645624000003/0001656456-24-000003-index.htm
2024Q2,Atreides,1777813,"Atreides Management, LP",13F-HR,0001777813-24-000008,2024-08-14,2024-06-30,2026-08-12,BASE_ORIGINAL,40,40,True,3062155012,3062155012,True,,https://www.sec.gov/Archives/edgar/data/1777813/000177781324000008/0001777813-24-000008-index.htm
2024Q2,Berkshire Hathaway,1067983,BERKSHIRE HATHAWAY INC,13F-HR,0000950123-24-008740,2024-08-14,2024-06-30,2026-08-12,BASE_ORIGINAL,129,129,True,279969062343,279969062343,True,,https://www.sec.gov/Archives/edgar/data/1067983/000095012324008740/0000950123-24-008740-index.htm
2024Q2,Coatue,1135730,COATUE MANAGEMENT LLC,13F-HR,0000919574-24-004594,2024-08-14,2024-06-30,2026-08-12,BASE_ORIGINAL,192,192,True,25688066436,25688066436,True,,https://www.sec.gov/Archives/edgar/data/1135730/000091957424004594/0000919574-24-004594-index.htm
2024Q2,Fundsmith,1569205,Fundsmith LLP,13F-HR,0001520023-24-000030,2024-08-14,2024-06-30,2026-08-12,BASE_ORIGINAL,40,40,True,24539466801,24539466801,True,,https://www.sec.gov/Archives/edgar/data/1569205/000152002324000030/0001520023-24-000030-index.htm
2024Q2,Fundsmith,1868537,FUNDSMITH INVESTMENT SERVICES LTD.,13F-HR,0001868537-24-000009,2024-08-14,2024-06-30,2026-08-12,BASE_ORIGINAL,28,28,True,7750041584,7750041584,True,,https://www.sec.gov/Archives/edgar/data/1868537/000186853724000009/0001868537-24-000009-index.htm
2024Q2,Greenlight,1489933,"DME Capital Management, LP",13F-HR,0001172661-24-003549,2024-08-14,2024-06-30,2026-08-12,BASE_ORIGINAL,81,81,True,2044406325,2044406325,True,,https://www.sec.gov/Archives/edgar/data/1489933/000117266124003549/0001172661-24-003549-index.htm
2024Q2,Lindsell Train,1484150,Lindsell Train Ltd,13F-HR,0001172661-24-002860,2024-07-23,2024-06-30,2026-08-12,BASE_ORIGINAL,29,29,True,4334516778,4334516778,True,,https://www.sec.gov/Archives/edgar/data/1484150/000117266124002860/0001172661-24-002860-index.htm
2024Q2,Lone Pine,1061165,LONE PINE CAPITAL LLC,13F-HR,0000902664-24-005150,2024-08-14,2024-06-30,2026-08-12,BASE_ORIGINAL,24,24,True,12329311691,12329311691,True,,https://www.sec.gov/Archives/edgar/data/1061165/000090266424005150/0000902664-24-005150-index.htm
2024Q2,Maverick Capital,934639,MAVERICK CAPITAL LTD,13F-HR,0000947871-24-000690,2024-08-14,2024-06-30,2026-08-12,BASE_ORIGINAL,267,267,True,5272589771,5272589771,True,,https://www.sec.gov/Archives/edgar/data/934639/000094787124000690/0000947871-24-000690-index.htm
2024Q2,Pershing Square,1336528,"Pershing Square Capital Management, L.P.",13F-HR,0001172661-24-003511,2024-08-14,2024-06-30,2026-08-12,BASE_ORIGINAL,9,9,True,10411823523,10411823523,True,,https://www.sec.gov/Archives/edgar/data/1336528/000117266124003511/0001172661-24-003511-index.htm
2024Q2,TCI,1647251,TCI Fund Management Ltd,13F-HR,0001647251-24-000007,2024-08-14,2024-06-30,2026-08-12,BASE_ORIGINAL,10,10,True,40924384465,40924384465,True,,https://www.sec.gov/Archives/edgar/data/1647251/000164725124000007/0001647251-24-000007-index.htm
2024Q2,Third Point,1040273,Third Point LLC,13F-HR,0001085146-24-004004,2024-08-14,2024-06-30,2026-08-12,BASE_ORIGINAL,44,44,True,8737396733,8737396733,True,,https://www.sec.gov/Archives/edgar/data/1040273/000108514624004004/0001085146-24-004004-index.htm
2024Q2,Tiger Global,1167483,TIGER GLOBAL MANAGEMENT LLC,13F-HR,0000919574-24-004713,2024-08-14,2024-06-30,2026-08-12,BASE_ORIGINAL,44,44,True,21626366513,21626366513,True,,https://www.sec.gov/Archives/edgar/data/1167483/000091957424004713/0000919574-24-004713-index.htm
2024Q2,Viking Global,1103804,VIKING GLOBAL INVESTORS LP,13F-HR,0000905148-24-002226,2024-08-14,2024-06-30,2026-08-12,BASE_ORIGINAL,82,82,True,26019824561,26019824561,True,,https://www.sec.gov/Archives/edgar/data/1103804/000090514824002226/0000905148-24-002226-index.htm
2024Q3,Altimeter,1541617,"Altimeter Capital Management, LP",13F-HR,0001541617-24-000009,2024-11-14,2024-09-30,2026-08-12,BASE_ORIGINAL,23,23,True,6753620788,6753620788,True,,https://www.sec.gov/Archives/edgar/data/1541617/000154161724000009/0001541617-24-000009-index.htm
2024Q3,Appaloosa,1656456,Appaloosa LP,13F-HR,0001656456-24-000004,2024-11-14,2024-09-30,2026-08-12,BASE_ORIGINAL,38,38,True,6731933575,6731933575,True,,https://www.sec.gov/Archives/edgar/data/1656456/000165645624000004/0001656456-24-000004-index.htm
2024Q3,Atreides,1777813,"Atreides Management, LP",13F-HR,0001777813-24-000010,2024-11-14,2024-09-30,2026-08-12,BASE_ORIGINAL,43,43,True,3927673352,3927673352,True,,https://www.sec.gov/Archives/edgar/data/1777813/000177781324000010/0001777813-24-000010-index.htm
2024Q3,Berkshire Hathaway,1067983,BERKSHIRE HATHAWAY INC,13F-HR,0000950123-24-011775,2024-11-14,2024-09-30,2026-08-12,BASE_ORIGINAL,121,121,True,266378900503,266378900503,True,,https://www.sec.gov/Archives/edgar/data/1067983/000095012324011775/0000950123-24-011775-index.htm
2024Q3,Coatue,1135730,COATUE MANAGEMENT LLC,13F-HR,0000919574-24-006691,2024-11-14,2024-09-30,2026-08-12,BASE_ORIGINAL,238,238,True,26916931162,26916931162,True,,https://www.sec.gov/Archives/edgar/data/1135730/000091957424006691/0000919574-24-006691-index.htm
2024Q3,Fundsmith,1569205,Fundsmith LLP,13F-HR,0001520023-24-000040,2024-11-14,2024-09-30,2026-08-12,BASE_ORIGINAL,40,40,True,25278411425,25278411425,True,,https://www.sec.gov/Archives/edgar/data/1569205/000152002324000040/0001520023-24-000040-index.htm
2024Q3,Fundsmith,1868537,FUNDSMITH INVESTMENT SERVICES LTD.,13F-HR,0001520023-24-000041,2024-11-14,2024-09-30,2026-08-12,BASE_ORIGINAL,28,28,True,8040017687,8040017687,True,,https://www.sec.gov/Archives/edgar/data/1868537/000152002324000041/0001520023-24-000041-index.htm
2024Q3,Greenlight,1489933,"DME Capital Management, LP",13F-HR,0001172661-24-005240,2024-11-14,2024-09-30,2026-08-12,BASE_ORIGINAL,79,79,True,2402923277,2402923277,True,,https://www.sec.gov/Archives/edgar/data/1489933/000117266124005240/0001172661-24-005240-index.htm
2024Q3,Lindsell Train,1484150,Lindsell Train Ltd,13F-HR,0001172661-24-004289,2024-10-17,2024-09-30,2026-08-12,BASE_ORIGINAL,29,29,True,4431189834,4431189834,True,,https://www.sec.gov/Archives/edgar/data/1484150/000117266124004289/0001172661-24-004289-index.htm
2024Q3,Lone Pine,1061165,LONE PINE CAPITAL LLC,13F-HR,0000902664-24-006633,2024-11-14,2024-09-30,2026-08-12,BASE_ORIGINAL,29,29,True,13405659056,13405659056,True,,https://www.sec.gov/Archives/edgar/data/1061165/000090266424006633/0000902664-24-006633-index.htm
2024Q3,Maverick Capital,934639,MAVERICK CAPITAL LTD,13F-HR,0000947871-24-000903,2024-11-14,2024-09-30,2026-08-12,BASE_ORIGINAL,229,229,True,5128708760,5128708760,True,,https://www.sec.gov/Archives/edgar/data/934639/000094787124000903/0000947871-24-000903-index.htm
2024Q3,Pershing Square,1336528,"Pershing Square Capital Management, L.P.",13F-HR,0001172661-24-005218,2024-11-14,2024-09-30,2026-08-12,BASE_ORIGINAL,11,11,True,12916077581,12916077581,True,,https://www.sec.gov/Archives/edgar/data/1336528/000117266124005218/0001172661-24-005218-index.htm
2024Q3,TCI,1647251,TCI Fund Management Ltd,13F-HR,0001647251-24-000011,2024-11-14,2024-09-30,2026-08-12,BASE_ORIGINAL,10,10,True,44020529632,44020529632,True,,https://www.sec.gov/Archives/edgar/data/1647251/000164725124000011/0001647251-24-000011-index.htm
2024Q3,Third Point,1040273,Third Point LLC,13F-HR,0001085146-24-005927,2024-11-14,2024-09-30,2026-08-12,BASE_ORIGINAL,42,42,True,7430992033,7430992033,True,,https://www.sec.gov/Archives/edgar/data/1040273/000108514624005927/0001085146-24-005927-index.htm
2024Q3,Tiger Global,1167483,TIGER GLOBAL MANAGEMENT LLC,13F-HR,0000919574-24-006690,2024-11-14,2024-09-30,2026-08-12,BASE_ORIGINAL,45,45,True,23439074898,23439074898,True,,https://www.sec.gov/Archives/edgar/data/1167483/000091957424006690/0000919574-24-006690-index.htm
2024Q3,Viking Global,1103804,VIKING GLOBAL INVESTORS LP,13F-HR,0001103804-24-000006,2024-11-14,2024-09-30,2026-08-12,BASE_ORIGINAL,83,83,True,27435458361,27435458361,True,,https://www.sec.gov/Archives/edgar/data/1103804/000110380424000006/0001103804-24-000006-index.htm
2024Q4,Altimeter,1541617,"Altimeter Capital Management, LP",13F-HR,0001541617-25-000002,2025-02-14,2024-12-31,2026-08-12,BASE_ORIGINAL,24,24,True,5545911561,5545911561,True,,https://www.sec.gov/Archives/edgar/data/1541617/000154161725000002/0001541617-25-000002-index.htm
2024Q4,Appaloosa,1656456,Appaloosa LP,13F-HR,0001656456-25-000001,2025-02-10,2024-12-31,2026-08-12,BASE_ORIGINAL,37,37,True,6463901899,6463901899,True,,https://www.sec.gov/Archives/edgar/data/1656456/000165645625000001/0001656456-25-000001-index.htm
2024Q4,Atreides,1777813,"Atreides Management, LP",13F-HR,0001768757-25-000003,2025-02-14,2024-12-31,2026-08-12,BASE_ORIGINAL,45,45,True,4566902958,4566902958,True,,https://www.sec.gov/Archives/edgar/data/1777813/000176875725000003/0001768757-25-000003-index.htm
2024Q4,Berkshire Hathaway,1067983,BERKSHIRE HATHAWAY INC,13F-HR,0000950123-25-002701,2025-02-14,2024-12-31,2026-08-12,BASE_ORIGINAL,112,112,True,267175474249,267175474249,True,,https://www.sec.gov/Archives/edgar/data/1067983/000095012325002701/0000950123-25-002701-index.htm
2024Q4,Coatue,1135730,COATUE MANAGEMENT LLC,13F-HR,0000919574-25-001429,2025-02-14,2024-12-31,2026-08-12,BASE_ORIGINAL,245,245,True,29679535848,29679535848,True,,https://www.sec.gov/Archives/edgar/data/1135730/000091957425001429/0000919574-25-001429-index.htm
2024Q4,Fundsmith,1569205,Fundsmith LLP,13F-HR,0001520023-25-000002,2025-02-14,2024-12-31,2026-08-12,BASE_ORIGINAL,38,38,True,23458177867,23458177867,True,,https://www.sec.gov/Archives/edgar/data/1569205/000152002325000002/0001520023-25-000002-index.htm
2024Q4,Fundsmith,1868537,FUNDSMITH INVESTMENT SERVICES LTD.,13F-HR,0001868537-25-000008,2025-02-14,2024-12-31,2026-08-12,BASE_ORIGINAL,31,31,True,7688519723,7688519723,True,,https://www.sec.gov/Archives/edgar/data/1868537/000186853725000008/0001868537-25-000008-index.htm
2024Q4,Greenlight,1489933,"DME Capital Management, LP",13F-HR,0001172661-25-001165,2025-02-14,2024-12-31,2026-08-12,BASE_ORIGINAL,74,74,True,1944130830,1944130830,True,,https://www.sec.gov/Archives/edgar/data/1489933/000117266125001165/0001172661-25-001165-index.htm
2024Q4,Lindsell Train,1484150,Lindsell Train Ltd,13F-HR,0001172661-25-000270,2025-01-21,2024-12-31,2026-08-12,BASE_ORIGINAL,28,28,True,4000701335,4000701335,True,,https://www.sec.gov/Archives/edgar/data/1484150/000117266125000270/0001172661-25-000270-index.htm
2024Q4,Lone Pine,1061165,LONE PINE CAPITAL LLC,13F-HR,0000902664-25-001072,2025-02-14,2024-12-31,2026-08-12,BASE_ORIGINAL,30,30,True,13465920499,13465920499,True,,https://www.sec.gov/Archives/edgar/data/1061165/000090266425001072/0000902664-25-001072-index.htm
2024Q4,Maverick Capital,934639,MAVERICK CAPITAL LTD,13F-HR,0000947871-25-000159,2025-02-14,2024-12-31,2026-08-12,BASE_ORIGINAL,225,225,True,5557222401,5557222401,True,,https://www.sec.gov/Archives/edgar/data/934639/000094787125000159/0000947871-25-000159-index.htm
2024Q4,Pershing Square,1336528,"Pershing Square Capital Management, L.P.",13F-HR,0001172661-25-001119,2025-02-14,2024-12-31,2026-08-12,BASE_ORIGINAL,10,10,True,12614560346,12614560346,True,,https://www.sec.gov/Archives/edgar/data/1336528/000117266125001119/0001172661-25-001119-index.htm
2024Q4,Pershing Square,1336528,"Pershing Square Capital Management, L.P.",13F-HR/A,0001172661-25-001497,2025-04-16,2024-12-31,2026-08-12,NEW_HOLDINGS,1,1,True,46533105,46533105,True,,https://www.sec.gov/Archives/edgar/data/1336528/000117266125001497/0001172661-25-001497-index.htm
2024Q4,Situational Awareness,2045724,Situational Awareness LP,13F-HR,0000935836-25-000120,2025-02-12,2024-12-31,2026-08-12,BASE_ORIGINAL,6,6,True,254813765,254813765,True,,https://www.sec.gov/Archives/edgar/data/2045724/000093583625000120/0000935836-25-000120-index.htm
2024Q4,TCI,1647251,TCI Fund Management Ltd,13F-HR,0001647251-25-000003,2025-02-14,2024-12-31,2026-08-12,BASE_ORIGINAL,10,10,True,42413899286,42413899286,True,,https://www.sec.gov/Archives/edgar/data/1647251/000164725125000003/0001647251-25-000003-index.htm
2024Q4,Third Point,1040273,Third Point LLC,13F-HR,0001085146-25-001713,2025-02-14,2024-12-31,2026-08-12,BASE_ORIGINAL,43,43,True,7442469307,7442469307,True,,https://www.sec.gov/Archives/edgar/data/1040273/000108514625001713/0001085146-25-001713-index.htm
2024Q4,Tiger Global,1167483,TIGER GLOBAL MANAGEMENT LLC,13F-HR,0000919574-25-001475,2025-02-14,2024-12-31,2026-08-12,BASE_ORIGINAL,49,49,True,26460223407,26460223407,True,,https://www.sec.gov/Archives/edgar/data/1167483/000091957425001475/0000919574-25-001475-index.htm
2024Q4,Viking Global,1103804,VIKING GLOBAL INVESTORS LP,13F-HR,0001103804-25-000002,2025-02-14,2024-12-31,2026-08-12,BASE_ORIGINAL,86,86,True,30900114396,30900114396,True,,https://www.sec.gov/Archives/edgar/data/1103804/000110380425000002/0001103804-25-000002-index.htm
2025Q1,Altimeter,1541617,"Altimeter Capital Management, LP",13F-HR,0001541617-25-000005,2025-05-15,2025-03-31,2026-08-12,BASE_ORIGINAL,22,22,True,4971096519,4971096519,True,,https://www.sec.gov/Archives/edgar/data/1541617/000154161725000005/0001541617-25-000005-index.htm
2025Q1,Appaloosa,1656456,Appaloosa LP,13F-HR,0001656456-25-000005,2025-05-15,2025-03-31,2026-08-12,BASE_ORIGINAL,38,38,True,8382766354,8382766354,True,,https://www.sec.gov/Archives/edgar/data/1656456/000165645625000005/0001656456-25-000005-index.htm
2025Q1,Atreides,1777813,"Atreides Management, LP",13F-HR,0001777813-25-000005,2025-05-15,2025-03-31,2026-08-12,BASE_ORIGINAL,44,44,True,3294076456,3294076456,True,,https://www.sec.gov/Archives/edgar/data/1777813/000177781325000005/0001777813-25-000005-index.htm
2025Q1,Berkshire Hathaway,1067983,BERKSHIRE HATHAWAY INC,13F-HR,0000950123-25-005701,2025-05-15,2025-03-31,2026-08-12,BASE_ORIGINAL,110,110,True,258701144516,258701144516,True,,https://www.sec.gov/Archives/edgar/data/1067983/000095012325005701/0000950123-25-005701-index.htm
2025Q1,Berkshire Hathaway,1067983,BERKSHIRE HATHAWAY INC,13F-HR/A,0000950123-25-008361,2025-08-14,2025-03-31,2026-08-12,NEW_HOLDINGS,4,4,True,1106550356,1106550356,True,,https://www.sec.gov/Archives/edgar/data/1067983/000095012325008361/0000950123-25-008361-index.htm
2025Q1,Coatue,1135730,COATUE MANAGEMENT LLC,13F-HR,0000919574-25-003179,2025-05-15,2025-03-31,2026-08-12,BASE_ORIGINAL,201,201,True,22683837950,22683837950,True,,https://www.sec.gov/Archives/edgar/data/1135730/000091957425003179/0000919574-25-003179-index.htm
2025Q1,Fundsmith,1569205,Fundsmith LLP,13F-HR,0001520023-25-000003,2025-05-15,2025-03-31,2026-08-12,BASE_ORIGINAL,38,38,True,21974626595,21974626595,True,,https://www.sec.gov/Archives/edgar/data/1569205/000152002325000003/0001520023-25-000003-index.htm
2025Q1,Fundsmith,1868537,FUNDSMITH INVESTMENT SERVICES LTD.,13F-HR,0001868537-25-000009,2025-05-15,2025-03-31,2026-08-12,BASE_ORIGINAL,27,27,True,7086192124,7086192124,True,,https://www.sec.gov/Archives/edgar/data/1868537/000186853725000009/0001868537-25-000009-index.htm
2025Q1,Greenlight,1489933,"DME Capital Management, LP",13F-HR,0001172661-25-002307,2025-05-15,2025-03-31,2026-08-12,BASE_ORIGINAL,68,68,True,1974394246,1974394246,True,,https://www.sec.gov/Archives/edgar/data/1489933/000117266125002307/0001172661-25-002307-index.htm
2025Q1,Lindsell Train,1484150,Lindsell Train Ltd,13F-HR,0001172661-25-001932,2025-05-15,2025-03-31,2026-08-12,BASE_ORIGINAL,29,28,False,3614010966,4000701335,False,EXC-001,https://www.sec.gov/Archives/edgar/data/1484150/000117266125001932/0001172661-25-001932-index.htm
2025Q1,Lone Pine,1061165,LONE PINE CAPITAL LLC,13F-HR,0000902664-25-002417,2025-05-15,2025-03-31,2026-08-12,BASE_ORIGINAL,24,24,True,11578130343,11578130343,True,,https://www.sec.gov/Archives/edgar/data/1061165/000090266425002417/0000902664-25-002417-index.htm
2025Q1,Maverick Capital,934639,MAVERICK CAPITAL LTD,13F-HR,0000947871-25-000533,2025-05-15,2025-03-31,2026-08-12,BASE_ORIGINAL,235,235,True,5657078208,5657078208,True,,https://www.sec.gov/Archives/edgar/data/934639/000094787125000533/0000947871-25-000533-index.htm
2025Q1,Pershing Square,1336528,"Pershing Square Capital Management, L.P.",13F-HR,0001172661-25-002315,2025-05-15,2025-03-31,2026-08-12,BASE_ORIGINAL,11,11,True,11930893008,11930893008,True,,https://www.sec.gov/Archives/edgar/data/1336528/000117266125002315/0001172661-25-002315-index.htm
2025Q1,Situational Awareness,2045724,Situational Awareness LP,13F-HR,0002045724-25-000002,2025-05-14,2025-03-31,2026-08-12,BASE_ORIGINAL,12,12,True,1005567727,1005567727,True,,https://www.sec.gov/Archives/edgar/data/2045724/000204572425000002/0002045724-25-000002-index.htm
2025Q1,TCI,1647251,TCI Fund Management Ltd,13F-HR,0001647251-25-000005,2025-05-15,2025-03-31,2026-08-12,BASE_ORIGINAL,10,10,True,43372530344,43372530344,True,,https://www.sec.gov/Archives/edgar/data/1647251/000164725125000005/0001647251-25-000005-index.htm
2025Q1,Third Point,1040273,Third Point LLC,13F-HR,0001085146-25-003337,2025-05-15,2025-03-31,2026-08-12,BASE_ORIGINAL,45,45,True,6551218361,6551218361,True,,https://www.sec.gov/Archives/edgar/data/1040273/000108514625003337/0001085146-25-003337-index.htm
2025Q1,Tiger Global,1167483,TIGER GLOBAL MANAGEMENT LLC,13F-HR,0000919574-25-003217,2025-05-15,2025-03-31,2026-08-12,BASE_ORIGINAL,45,45,True,26593869223,26593869223,True,,https://www.sec.gov/Archives/edgar/data/1167483/000091957425003217/0000919574-25-003217-index.htm
2025Q1,Viking Global,1103804,VIKING GLOBAL INVESTORS LP,13F-HR,0001103804-25-000004,2025-05-15,2025-03-31,2026-08-12,BASE_ORIGINAL,91,91,True,31475977035,31475977035,True,,https://www.sec.gov/Archives/edgar/data/1103804/000110380425000004/0001103804-25-000004-index.htm
2025Q2,Altimeter,1541617,"Altimeter Capital Management, LP",13F-HR,0001541617-25-000009,2025-08-14,2025-06-30,2026-08-12,BASE_ORIGINAL,18,18,True,6930626980,6930626980,True,,https://www.sec.gov/Archives/edgar/data/1541617/000154161725000009/0001541617-25-000009-index.htm
2025Q2,Appaloosa,1656456,Appaloosa LP,13F-HR,0001656456-25-000006,2025-08-14,2025-06-30,2026-08-12,BASE_ORIGINAL,38,38,True,6448959614,6448959614,True,,https://www.sec.gov/Archives/edgar/data/1656456/000165645625000006/0001656456-25-000006-index.htm
2025Q2,Atreides,1777813,"Atreides Management, LP",13F-HR,0001768757-25-000010,2025-08-14,2025-06-30,2026-08-12,BASE_ORIGINAL,48,48,True,3603662264,3603662264,True,,https://www.sec.gov/Archives/edgar/data/1777813/000176875725000010/0001768757-25-000010-index.htm
2025Q2,Berkshire Hathaway,1067983,BERKSHIRE HATHAWAY INC,13F-HR,0000950123-25-008343,2025-08-14,2025-06-30,2026-08-12,BASE_ORIGINAL,114,114,True,257521776925,257521776925,True,,https://www.sec.gov/Archives/edgar/data/1067983/000095012325008343/0000950123-25-008343-index.htm
2025Q2,Coatue,1135730,COATUE MANAGEMENT LLC,13F-HR,0000919574-25-004823,2025-08-14,2025-06-30,2026-08-12,BASE_ORIGINAL,212,212,True,35899628174,35899628174,True,,https://www.sec.gov/Archives/edgar/data/1135730/000091957425004823/0000919574-25-004823-index.htm
2025Q2,Fundsmith,1569205,Fundsmith LLP,13F-HR,0001801547-25-000008,2025-08-14,2025-06-30,2026-08-12,BASE_ORIGINAL,39,39,True,23016527870,23016527870,True,,https://www.sec.gov/Archives/edgar/data/1569205/000180154725000008/0001801547-25-000008-index.htm
2025Q2,Fundsmith,1868537,FUNDSMITH INVESTMENT SERVICES LTD.,13F-HR,0001801547-25-000007,2025-08-14,2025-06-30,2026-08-12,BASE_ORIGINAL,26,26,True,7385809681,7385809681,True,,https://www.sec.gov/Archives/edgar/data/1868537/000180154725000007/0001801547-25-000007-index.htm
2025Q2,Greenlight,1489933,"DME Capital Management, LP",13F-HR,0001172661-25-003351,2025-08-14,2025-06-30,2026-08-12,BASE_ORIGINAL,69,69,True,2325916748,2325916748,True,,https://www.sec.gov/Archives/edgar/data/1489933/000117266125003351/0001172661-25-003351-index.htm
2025Q2,Lindsell Train,1484150,Lindsell Train Ltd,13F-HR,0001172661-25-002977,2025-08-08,2025-06-30,2026-08-12,BASE_ORIGINAL,29,29,True,4243201720,4243201720,True,,https://www.sec.gov/Archives/edgar/data/1484150/000117266125002977/0001172661-25-002977-index.htm
2025Q2,Lone Pine,1061165,LONE PINE CAPITAL LLC,13F-HR,0000902664-25-003627,2025-08-14,2025-06-30,2026-08-12,BASE_ORIGINAL,24,24,True,14051394007,14051394007,True,,https://www.sec.gov/Archives/edgar/data/1061165/000090266425003627/0000902664-25-003627-index.htm
2025Q2,Maverick Capital,934639,MAVERICK CAPITAL LTD,13F-HR,0000947871-25-000775,2025-08-14,2025-06-30,2026-08-12,BASE_ORIGINAL,251,251,True,6659687348,6659687348,True,,https://www.sec.gov/Archives/edgar/data/934639/000094787125000775/0000947871-25-000775-index.htm
2025Q2,Pershing Square,1336528,"Pershing Square Capital Management, L.P.",13F-HR,0001172661-25-003509,2025-08-14,2025-06-30,2026-08-12,BASE_ORIGINAL,11,11,True,13729120533,13729120533,True,,https://www.sec.gov/Archives/edgar/data/1336528/000117266125003509/0001172661-25-003509-index.htm
2025Q2,Pershing Square,2026053,PERSHING SQUARE INC.,13F-HR,0001172661-25-003512,2025-08-14,2025-06-30,2026-08-12,BASE_ORIGINAL,1,1,True,607500000,607500000,True,,https://www.sec.gov/Archives/edgar/data/2026053/000117266125003512/0001172661-25-003512-index.htm
2025Q2,Situational Awareness,2045724,Situational Awareness LP,13F-HR,0002045724-25-000006,2025-08-14,2025-06-30,2026-08-12,BASE_ORIGINAL,9,9,True,2123023762,2123023762,True,,https://www.sec.gov/Archives/edgar/data/2045724/000204572425000006/0002045724-25-000006-index.htm
2025Q2,TCI,1647251,TCI Fund Management Ltd,13F-HR,0001647251-25-000009,2025-08-14,2025-06-30,2026-08-12,BASE_ORIGINAL,10,10,True,50706910931,50706910931,True,,https://www.sec.gov/Archives/edgar/data/1647251/000164725125000009/0001647251-25-000009-index.htm
2025Q2,Third Point,1040273,Third Point LLC,13F-HR,0001085146-25-005277,2025-08-14,2025-06-30,2026-08-12,BASE_ORIGINAL,51,51,True,7620034147,7620034147,True,,https://www.sec.gov/Archives/edgar/data/1040273/000108514625005277/0001085146-25-005277-index.htm
2025Q2,Tiger Global,1167483,TIGER GLOBAL MANAGEMENT LLC,13F-HR,0000919574-25-004870,2025-08-14,2025-06-30,2026-08-12,BASE_ORIGINAL,50,50,True,34081542845,34081542845,True,,https://www.sec.gov/Archives/edgar/data/1167483/000091957425004870/0000919574-25-004870-index.htm
2025Q2,Viking Global,1103804,VIKING GLOBAL INVESTORS LP,13F-HR,0001103804-25-000007,2025-08-14,2025-06-30,2026-08-12,BASE_ORIGINAL,83,83,True,34589864590,34589864590,True,,https://www.sec.gov/Archives/edgar/data/1103804/000110380425000007/0001103804-25-000007-index.htm
2025Q3,Altimeter,1541617,"Altimeter Capital Management, LP",13F-HR,0001541617-25-000013,2025-11-14,2025-09-30,2026-08-12,BASE_ORIGINAL,23,23,True,7581939536,7581939536,True,,https://www.sec.gov/Archives/edgar/data/1541617/000154161725000013/0001541617-25-000013-index.htm
2025Q3,Appaloosa,1656456,Appaloosa LP,13F-HR,0001656456-25-000007,2025-11-13,2025-09-30,2026-08-12,BASE_ORIGINAL,45,45,True,7383589018,7383589018,True,,https://www.sec.gov/Archives/edgar/data/1656456/000165645625000007/0001656456-25-000007-index.htm
2025Q3,Atreides,1777813,"Atreides Management, LP",13F-HR,0001777813-25-000008,2025-11-14,2025-09-30,2026-08-12,BASE_ORIGINAL,58,58,True,5134711897,5134711897,True,,https://www.sec.gov/Archives/edgar/data/1777813/000177781325000008/0001777813-25-000008-index.htm
2025Q3,Berkshire Hathaway,1067983,BERKSHIRE HATHAWAY INC,13F-HR,0001193125-25-282901,2025-11-14,2025-09-30,2026-08-12,BASE_ORIGINAL,115,115,True,267334501955,267334501955,True,,https://www.sec.gov/Archives/edgar/data/1067983/000119312525282901/0001193125-25-282901-index.htm
2025Q3,Coatue,1135730,COATUE MANAGEMENT LLC,13F-HR,0000919574-25-006976,2025-11-14,2025-09-30,2026-08-12,BASE_ORIGINAL,258,258,True,40788469402,40788469402,True,,https://www.sec.gov/Archives/edgar/data/1135730/000091957425006976/0000919574-25-006976-index.htm
2025Q3,Fundsmith,1569205,Fundsmith LLP,13F-HR,0001569205-25-000004,2025-11-14,2025-09-30,2026-08-12,BASE_ORIGINAL,35,35,True,19795225546,19795225546,True,,https://www.sec.gov/Archives/edgar/data/1569205/000156920525000004/0001569205-25-000004-index.htm
2025Q3,Fundsmith,1868537,FUNDSMITH INVESTMENT SERVICES LTD.,13F-HR,0001868537-25-000015,2025-11-14,2025-09-30,2026-08-12,BASE_ORIGINAL,23,23,True,6416583977,6416583977,True,,https://www.sec.gov/Archives/edgar/data/1868537/000186853725000015/0001868537-25-000015-index.htm
2025Q3,Greenlight,1489933,"DME Capital Management, LP",13F-HR,0001172661-25-005032,2025-11-14,2025-09-30,2026-08-12,BASE_ORIGINAL,72,72,True,2541714523,2541714523,True,,https://www.sec.gov/Archives/edgar/data/1489933/000117266125005032/0001172661-25-005032-index.htm
2025Q3,Lindsell Train,1484150,Lindsell Train Ltd,13F-HR,0001172661-25-004712,2025-11-12,2025-09-30,2026-08-12,BASE_ORIGINAL,28,28,True,4076472912,4076472912,True,,https://www.sec.gov/Archives/edgar/data/1484150/000117266125004712/0001172661-25-004712-index.htm
2025Q3,Lone Pine,1061165,LONE PINE CAPITAL LLC,13F-HR,0000902664-25-004988,2025-11-14,2025-09-30,2026-08-12,BASE_ORIGINAL,25,25,True,13742951177,13742951177,True,,https://www.sec.gov/Archives/edgar/data/1061165/000090266425004988/0000902664-25-004988-index.htm
2025Q3,Maverick Capital,934639,MAVERICK CAPITAL LTD,13F-HR,0000947871-25-001016,2025-11-14,2025-09-30,2026-08-12,BASE_ORIGINAL,203,203,True,7481835169,7481835169,True,,https://www.sec.gov/Archives/edgar/data/934639/000094787125001016/0000947871-25-001016-index.htm
2025Q3,Pershing Square,1336528,"Pershing Square Capital Management, L.P.",13F-HR,0001172661-25-005039,2025-11-14,2025-09-30,2026-08-12,BASE_ORIGINAL,11,11,True,14643293767,14643293767,True,,https://www.sec.gov/Archives/edgar/data/1336528/000117266125005039/0001172661-25-005039-index.htm
2025Q3,Pershing Square,2026053,PERSHING SQUARE INC.,13F-HR,0001172661-25-005115,2025-11-14,2025-09-30,2026-08-12,BASE_ORIGINAL,1,1,True,739530000,739530000,True,,https://www.sec.gov/Archives/edgar/data/2026053/000117266125005115/0001172661-25-005115-index.htm
2025Q3,Situational Awareness,2045724,Situational Awareness LP,13F-HR,0002045724-25-000008,2025-11-14,2025-09-30,2026-08-12,BASE_ORIGINAL,28,28,True,4138368748,4138368748,True,,https://www.sec.gov/Archives/edgar/data/2045724/000204572425000008/0002045724-25-000008-index.htm
2025Q3,TCI,1647251,TCI Fund Management Ltd,13F-HR,0001647251-25-000014,2025-11-14,2025-09-30,2026-08-12,BASE_ORIGINAL,9,9,True,52699548226,52699548227,False,EXC-003,https://www.sec.gov/Archives/edgar/data/1647251/000164725125000014/0001647251-25-000014-index.htm
2025Q3,Third Point,1040273,Third Point LLC,13F-HR,0001040273-25-000003,2025-11-14,2025-09-30,2026-08-12,BASE_ORIGINAL,46,46,True,8989033614,8989033614,True,,https://www.sec.gov/Archives/edgar/data/1040273/000104027325000003/0001040273-25-000003-index.htm
2025Q3,Tiger Global,1167483,TIGER GLOBAL MANAGEMENT LLC,13F-HR,0000919574-25-006931,2025-11-14,2025-09-30,2026-08-12,BASE_ORIGINAL,56,56,True,32359754158,32359754158,True,,https://www.sec.gov/Archives/edgar/data/1167483/000091957425006931/0000919574-25-006931-index.htm
2025Q3,Viking Global,1103804,VIKING GLOBAL INVESTORS LP,13F-HR,0001103804-25-000010,2025-11-14,2025-09-30,2026-08-12,BASE_ORIGINAL,78,78,True,38504949476,38504949476,True,,https://www.sec.gov/Archives/edgar/data/1103804/000110380425000010/0001103804-25-000010-index.htm
2025Q4,Altimeter,1541617,"Altimeter Capital Management, LP",13F-HR,0001541617-26-000002,2026-02-17,2025-12-31,2026-08-12,BASE_ORIGINAL,18,18,True,6661973445,6661973445,True,,https://www.sec.gov/Archives/edgar/data/1541617/000154161726000002/0001541617-26-000002-index.htm
2025Q4,Appaloosa,1656456,Appaloosa LP,13F-HR,0001656456-26-000001,2026-02-17,2025-12-31,2026-08-12,BASE_ORIGINAL,39,39,True,6925020650,6925020650,True,,https://www.sec.gov/Archives/edgar/data/1656456/000165645626000001/0001656456-26-000001-index.htm
2025Q4,Atreides,1777813,"Atreides Management, LP",13F-HR,0001777813-26-000003,2026-02-17,2025-12-31,2026-08-12,BASE_ORIGINAL,56,56,True,8183550359,8183550359,True,,https://www.sec.gov/Archives/edgar/data/1777813/000177781326000003/0001777813-26-000003-index.htm
2025Q4,Berkshire Hathaway,1067983,BERKSHIRE HATHAWAY INC,13F-HR,0001193125-26-054580,2026-02-17,2025-12-31,2026-08-12,BASE_ORIGINAL,110,110,True,274160086701,274160086701,True,,https://www.sec.gov/Archives/edgar/data/1067983/000119312526054580/0001193125-26-054580-index.htm
2025Q4,Coatue,1135730,COATUE MANAGEMENT LLC,13F-HR,0000919574-26-001239,2026-02-17,2025-12-31,2026-08-12,SUPERSEDED_ORIGINAL,257,257,True,39962643007,39962643007,True,,https://www.sec.gov/Archives/edgar/data/1135730/000091957426001239/0000919574-26-001239-index.htm
2025Q4,Coatue,1135730,COATUE MANAGEMENT LLC,13F-HR/A,0000919574-26-003414,2026-05-15,2025-12-31,2026-08-12,BASE_RESTATEMENT,260,260,True,39962643007,39962643007,True,,https://www.sec.gov/Archives/edgar/data/1135730/000091957426003414/0000919574-26-003414-index.htm
2025Q4,Fundsmith,1569205,Fundsmith LLP,13F-HR,0001569205-26-000002,2026-02-17,2025-12-31,2026-08-12,BASE_ORIGINAL,37,37,True,17116090918,17116090918,True,,https://www.sec.gov/Archives/edgar/data/1569205/000156920526000002/0001569205-26-000002-index.htm
2025Q4,Fundsmith,1868537,FUNDSMITH INVESTMENT SERVICES LTD.,13F-HR,0001868537-26-000002,2026-02-17,2025-12-31,2026-08-12,BASE_ORIGINAL,26,26,True,5466028851,5466028851,True,,https://www.sec.gov/Archives/edgar/data/1868537/000186853726000002/0001868537-26-000002-index.htm
2025Q4,Greenlight,1489933,"DME Capital Management, LP",13F-HR,0001172661-26-001122,2026-02-17,2025-12-31,2026-08-12,BASE_ORIGINAL,84,84,True,2849309979,2849309979,True,,https://www.sec.gov/Archives/edgar/data/1489933/000117266126001122/0001172661-26-001122-index.htm
2025Q4,Lindsell Train,1484150,Lindsell Train Ltd,13F-HR,0001172661-26-000625,2026-02-11,2025-12-31,2026-08-12,BASE_ORIGINAL,28,28,True,3943390802,3943390802,True,,https://www.sec.gov/Archives/edgar/data/1484150/000117266126000625/0001172661-26-000625-index.htm
2025Q4,Lone Pine,1061165,LONE PINE CAPITAL LLC,13F-HR,0000902664-26-001084,2026-02-17,2025-12-31,2026-08-12,BASE_ORIGINAL,32,32,True,13611137640,13611137640,True,,https://www.sec.gov/Archives/edgar/data/1061165/000090266426001084/0000902664-26-001084-index.htm
2025Q4,Maverick Capital,934639,MAVERICK CAPITAL LTD,13F-HR,0000947871-26-000150,2026-02-13,2025-12-31,2026-08-12,BASE_ORIGINAL,179,179,True,9316015748,9316015748,True,,https://www.sec.gov/Archives/edgar/data/934639/000094787126000150/0000947871-26-000150-index.htm
2025Q4,Pershing Square,1336528,"Pershing Square Capital Management, L.P.",13F-HR,0001172661-26-001091,2026-02-17,2025-12-31,2026-08-12,BASE_ORIGINAL,11,11,True,15526737802,15526737802,True,,https://www.sec.gov/Archives/edgar/data/1336528/000117266126001091/0001172661-26-001091-index.htm
2025Q4,Pershing Square,2026053,PERSHING SQUARE INC.,13F-HR,0001172661-26-001095,2026-02-17,2025-12-31,2026-08-12,BASE_ORIGINAL,1,1,True,717930000,717930000,True,,https://www.sec.gov/Archives/edgar/data/2026053/000117266126001095/0001172661-26-001095-index.htm
2025Q4,Situational Awareness,2045724,Situational Awareness LP,13F-HR,0002045724-26-000002,2026-02-11,2025-12-31,2026-08-12,BASE_ORIGINAL,29,29,True,5516758345,5516758344,False,EXC-002,https://www.sec.gov/Archives/edgar/data/2045724/000204572426000002/0002045724-26-000002-index.htm
2025Q4,TCI,1647251,TCI Fund Management Ltd,13F-HR,0001647251-26-000002,2026-02-17,2025-12-31,2026-08-12,BASE_ORIGINAL,9,9,True,53648816254,53648816254,True,,https://www.sec.gov/Archives/edgar/data/1647251/000164725126000002/0001647251-26-000002-index.htm
2025Q4,Third Point,1040273,Third Point LLC,13F-HR,0001040273-26-000001,2026-02-17,2025-12-31,2026-08-12,BASE_ORIGINAL,44,44,True,7274621868,7274621868,True,,https://www.sec.gov/Archives/edgar/data/1040273/000104027326000001/0001040273-26-000001-index.htm
2025Q4,Tiger Global,1167483,TIGER GLOBAL MANAGEMENT LLC,13F-HR,0000919574-26-001143,2026-02-17,2025-12-31,2026-08-12,BASE_ORIGINAL,54,54,True,29714313270,29714313270,True,,https://www.sec.gov/Archives/edgar/data/1167483/000091957426001143/0000919574-26-001143-index.htm
2025Q4,Viking Global,1103804,VIKING GLOBAL INVESTORS LP,13F-HR,0001103804-26-000002,2026-02-17,2025-12-31,2026-08-12,BASE_ORIGINAL,76,76,True,37677848898,37677848898,True,,https://www.sec.gov/Archives/edgar/data/1103804/000110380426000002/0001103804-26-000002-index.htm
2026Q1,Altimeter,1541617,"Altimeter Capital Management, LP",13F-HR,0001541617-26-000006,2026-05-15,2026-03-31,2026-08-12,BASE_ORIGINAL,13,13,True,5699287719,5699287719,True,,https://www.sec.gov/Archives/edgar/data/1541617/000154161726000006/0001541617-26-000006-index.htm
2026Q1,Appaloosa,1656456,Appaloosa LP,13F-HR,0001656456-26-000002,2026-05-15,2026-03-31,2026-08-12,BASE_ORIGINAL,31,31,True,5933477986,5933477986,True,,https://www.sec.gov/Archives/edgar/data/1656456/000165645626000002/0001656456-26-000002-index.htm
2026Q1,Atreides,1777813,"Atreides Management, LP",13F-HR,0001777813-26-000006,2026-05-18,2026-03-31,2026-08-12,BASE_ORIGINAL,54,54,True,5002198244,5002198244,True,,https://www.sec.gov/Archives/edgar/data/1777813/000177781326000006/0001777813-26-000006-index.htm
2026Q1,Berkshire Hathaway,1067983,BERKSHIRE HATHAWAY INC,13F-HR,0001193125-26-226661,2026-05-15,2026-03-31,2026-08-12,BASE_ORIGINAL,90,90,True,263095703570,263095703570,True,,https://www.sec.gov/Archives/edgar/data/1067983/000119312526226661/0001193125-26-226661-index.htm
2026Q1,Coatue,1135730,COATUE MANAGEMENT LLC,13F-HR,0000919574-26-003501,2026-05-15,2026-03-31,2026-08-12,BASE_ORIGINAL,198,198,True,29056031305,29056031305,True,,https://www.sec.gov/Archives/edgar/data/1135730/000091957426003501/0000919574-26-003501-index.htm
2026Q1,Fundsmith,1569205,Fundsmith LLP,13F-HR,0001569205-26-000005,2026-05-15,2026-03-31,2026-08-12,BASE_ORIGINAL,34,34,True,12827766987,12827766987,True,,https://www.sec.gov/Archives/edgar/data/1569205/000156920526000005/0001569205-26-000005-index.htm
2026Q1,Fundsmith,1868537,FUNDSMITH INVESTMENT SERVICES LTD.,13F-HR,0001868537-26-000003,2026-05-15,2026-03-31,2026-08-12,BASE_ORIGINAL,24,24,True,4405319613,4405319613,True,,https://www.sec.gov/Archives/edgar/data/1868537/000186853726000003/0001868537-26-000003-index.htm
2026Q1,Greenlight,1489933,"DME Capital Management, LP",13F-HR,0001172661-26-002341,2026-05-15,2026-03-31,2026-08-12,BASE_ORIGINAL,92,92,True,3190735190,3190735190,True,,https://www.sec.gov/Archives/edgar/data/1489933/000117266126002341/0001172661-26-002341-index.htm
2026Q1,Lindsell Train,1484150,Lindsell Train Ltd,13F-HR,0001172661-26-001535,2026-04-24,2026-03-31,2026-08-12,BASE_ORIGINAL,27,27,True,3136812519,3136812519,True,,https://www.sec.gov/Archives/edgar/data/1484150/000117266126001535/0001172661-26-001535-index.htm
2026Q1,Lone Pine,1061165,LONE PINE CAPITAL LLC,13F-HR,0000919574-26-003439,2026-05-15,2026-03-31,2026-08-12,BASE_ORIGINAL,36,36,True,12543849391,12543849391,True,,https://www.sec.gov/Archives/edgar/data/1061165/000091957426003439/0000919574-26-003439-index.htm
2026Q1,Maverick Capital,934639,MAVERICK CAPITAL LTD,13F-HR,0000947871-26-000553,2026-05-15,2026-03-31,2026-08-12,BASE_ORIGINAL,241,241,True,8670232588,8670232588,True,,https://www.sec.gov/Archives/edgar/data/934639/000094787126000553/0000947871-26-000553-index.htm
2026Q1,Pershing Square,1336528,"Pershing Square Capital Management, L.P.",13F-HR,0001172661-26-002336,2026-05-15,2026-03-31,2026-08-12,BASE_ORIGINAL,11,11,True,13714299861,13714299861,True,,https://www.sec.gov/Archives/edgar/data/1336528/000117266126002336/0001172661-26-002336-index.htm
2026Q1,Pershing Square,2026053,PERSHING SQUARE INC.,13F-HR,0001172661-26-002339,2026-05-15,2026-03-31,2026-08-12,BASE_ORIGINAL,1,1,True,569340000,569340000,True,,https://www.sec.gov/Archives/edgar/data/2026053/000117266126002339/0001172661-26-002339-index.htm
2026Q1,Situational Awareness,2038540,Situational Awareness Partners LP,13F-HR,0002038540-26-000004,2026-05-18,2026-03-31,2026-08-12,DUPLICATE_BOOK,42,42,True,13676657577,13676657577,True,,https://www.sec.gov/Archives/edgar/data/2038540/000203854026000004/0002038540-26-000004-index.htm
2026Q1,Situational Awareness,2045724,Situational Awareness LP,13F-HR,0002045724-26-000008,2026-05-18,2026-03-31,2026-08-12,BASE_ORIGINAL,42,42,True,13676657577,13676657577,True,,https://www.sec.gov/Archives/edgar/data/2045724/000204572426000008/0002045724-26-000008-index.htm
2026Q1,TCI,1647251,TCI Fund Management Ltd,13F-HR,0001647251-26-000004,2026-05-15,2026-03-31,2026-08-12,BASE_ORIGINAL,10,10,True,45170870798,45170870798,True,,https://www.sec.gov/Archives/edgar/data/1647251/000164725126000004/0001647251-26-000004-index.htm
2026Q1,Third Point,1040273,Third Point LLC,13F-HR,0001040273-26-000002,2026-05-15,2026-03-31,2026-08-12,BASE_ORIGINAL,33,33,True,2082795760,2082795760,True,,https://www.sec.gov/Archives/edgar/data/1040273/000104027326000002/0001040273-26-000002-index.htm
2026Q1,Tiger Global,1167483,TIGER GLOBAL MANAGEMENT LLC,13F-HR,0000919574-26-003362,2026-05-15,2026-03-31,2026-08-12,BASE_ORIGINAL,54,54,True,22845413829,22845413829,True,,https://www.sec.gov/Archives/edgar/data/1167483/000091957426003362/0000919574-26-003362-index.htm
2026Q1,Viking Global,1103804,VIKING GLOBAL INVESTORS LP,13F-HR,0001103804-26-000004,2026-05-15,2026-03-31,2026-08-12,BASE_ORIGINAL,77,77,True,35748670967,35748670967,True,,https://www.sec.gov/Archives/edgar/data/1103804/000110380426000004/0001103804-26-000004-index.htm
2026Q2,Altimeter,1541617,"Altimeter Capital Management, LP",13F-HR,0001541617-26-000008,2026-08-14,2026-06-30,2026-08-17,BASE_ORIGINAL,20,20,True,9829676383,9829676383,True,,https://www.sec.gov/Archives/edgar/data/1541617/000154161726000008/0001541617-26-000008-index.htm
2026Q2,Appaloosa,1656456,Appaloosa LP,13F-HR,0001656456-26-000003,2026-08-14,2026-06-30,2026-08-17,BASE_ORIGINAL,27,27,True,7725383349,7725383349,True,,https://www.sec.gov/Archives/edgar/data/1656456/000165645626000003/0001656456-26-000003-index.htm
2026Q2,Atreides,1777813,"Atreides Management, LP",13F-HR,0001777813-26-000009,2026-08-14,2026-06-30,2026-08-17,BASE_ORIGINAL,49,49,True,14335417162,14335417162,True,,https://www.sec.gov/Archives/edgar/data/1777813/000177781326000009/0001777813-26-000009-index.htm
2026Q2,Berkshire Hathaway,1067983,BERKSHIRE HATHAWAY INC,13F-HR,0001193125-26-352200,2026-08-14,2026-06-30,2026-08-17,BASE_ORIGINAL,89,89,True,299253556246,299253556246,True,,https://www.sec.gov/Archives/edgar/data/1067983/000119312526352200/0001193125-26-352200-index.htm
2026Q2,Coatue,1135730,COATUE MANAGEMENT LLC,13F-HR,0000919574-26-005478,2026-08-14,2026-06-30,2026-08-17,BASE_ORIGINAL,211,211,True,48629053706,48629053706,True,,https://www.sec.gov/Archives/edgar/data/1135730/000091957426005478/0000919574-26-005478-index.htm
2026Q2,Fundsmith,1569205,Fundsmith LLP,13F-HR,0001569205-26-000012,2026-08-14,2026-06-30,2026-08-17,BASE_ORIGINAL,41,41,True,13648923682,13648923682,True,,https://www.sec.gov/Archives/edgar/data/1569205/000156920526000012/0001569205-26-000012-index.htm
2026Q2,Fundsmith,1868537,FUNDSMITH INVESTMENT SERVICES LTD.,13F-HR,0001868537-26-000007,2026-08-14,2026-06-30,2026-08-17,BASE_ORIGINAL,27,27,True,4518917743,4518917743,True,,https://www.sec.gov/Archives/edgar/data/1868537/000186853726000007/0001868537-26-000007-index.htm
2026Q2,Greenlight,1489933,"DME Capital Management, LP",13F-HR,0001172661-26-003786,2026-08-14,2026-06-30,2026-08-17,BASE_ORIGINAL,95,95,True,3908853490,3908853490,True,,https://www.sec.gov/Archives/edgar/data/1489933/000117266126003786/0001172661-26-003786-index.htm
2026Q2,Lindsell Train,1484150,Lindsell Train Ltd,13F-HR,0001172661-26-002623,2026-07-15,2026-06-30,2026-08-12,BASE_ORIGINAL,28,28,True,2628784112,2628784112,True,,https://www.sec.gov/Archives/edgar/data/1484150/000117266126002623/0001172661-26-002623-index.htm
2026Q2,Lone Pine,1061165,LONE PINE CAPITAL LLC,13F-HR,0000919574-26-005485,2026-08-14,2026-06-30,2026-08-17,BASE_ORIGINAL,34,34,True,16357760275,16357760275,True,,https://www.sec.gov/Archives/edgar/data/1061165/000091957426005485/0000919574-26-005485-index.htm
2026Q2,Maverick Capital,934639,MAVERICK CAPITAL LTD,13F-HR,0000947871-26-000793,2026-08-14,2026-06-30,2026-08-17,BASE_ORIGINAL,179,179,True,11320923736,11320923736,True,,https://www.sec.gov/Archives/edgar/data/934639/000094787126000793/0000947871-26-000793-index.htm
2026Q2,Pershing Square,1336528,"Pershing Square Capital Management, L.P.",13F-NT,0001172661-26-003777,2026-08-14,2026-06-30,2026-08-20,NT_NOTICE,,,,,,,,https://www.sec.gov/Archives/edgar/data/1336528/000117266126003777/0001172661-26-003777-index.htm
2026Q2,Pershing Square,2026053,PERSHING SQUARE INC.,13F-HR,0001172661-26-003790,2026-08-14,2026-06-30,2026-08-17,BASE_ORIGINAL,15,15,True,19465692772,19465692772,True,,https://www.sec.gov/Archives/edgar/data/2026053/000117266126003790/0001172661-26-003790-index.htm
2026Q2,Situational Awareness,2045724,Situational Awareness LP,13F-HR,0000935836-26-000418,2026-08-14,2026-06-30,2026-08-17,BASE_ORIGINAL,26,26,True,20242292228,20242292228,True,,https://www.sec.gov/Archives/edgar/data/2045724/000093583626000418/0000935836-26-000418-index.htm
2026Q2,TCI,1647251,TCI Fund Management Ltd,13F-HR,0001647251-26-000007,2026-08-14,2026-06-30,2026-08-17,BASE_ORIGINAL,11,11,True,52769884406,52769884406,True,,https://www.sec.gov/Archives/edgar/data/1647251/000164725126000007/0001647251-26-000007-index.htm
2026Q2,Third Point,1040273,Third Point LLC,13F-HR,0001040273-26-000003,2026-08-14,2026-06-30,2026-08-17,BASE_ORIGINAL,43,43,True,4679571988,4679571988,True,,https://www.sec.gov/Archives/edgar/data/1040273/000104027326000003/0001040273-26-000003-index.htm
2026Q2,Tiger Global,1167483,TIGER GLOBAL MANAGEMENT LLC,13F-HR,0000919574-26-005427,2026-08-14,2026-06-30,2026-08-17,BASE_ORIGINAL,46,46,True,23981506027,23981506027,True,,https://www.sec.gov/Archives/edgar/data/1167483/000091957426005427/0000919574-26-005427-index.htm
2026Q2,Viking Global,1103804,VIKING GLOBAL INVESTORS LP,13F-HR,0001103804-26-000006,2026-08-14,2026-06-30,2026-08-17,BASE_ORIGINAL,90,90,True,35079228595,35079228595,True,,https://www.sec.gov/Archives/edgar/data/1103804/000110380426000006/0001103804-26-000006-index.htm
